-- phpMyAdmin SQL Dump
-- version 5.0.2
-- https://www.phpmyadmin.net/
--
-- Host: db
-- Tempo de geração: 16-Jul-2020 às 15:39
-- Versão do servidor: 8.0.20
-- versão do PHP: 7.4.6

SET SQL_MODE = "NO_AUTO_VALUE_ON_ZERO";
START TRANSACTION;
SET time_zone = "+00:00";


/*!40101 SET @OLD_CHARACTER_SET_CLIENT=@@CHARACTER_SET_CLIENT */;
/*!40101 SET @OLD_CHARACTER_SET_RESULTS=@@CHARACTER_SET_RESULTS */;
/*!40101 SET @OLD_COLLATION_CONNECTION=@@COLLATION_CONNECTION */;
/*!40101 SET NAMES utf8mb4 */;

--
-- Banco de dados: `scrapper`
--

DELIMITER $$
--
-- Procedimentos
--
CREATE DEFINER=`root`@`%` PROCEDURE `getCSV` ()  (SELECT 
oddID,matchID,volume, capturedAt as 'date','away' as oddType,
(SELECT 
awayOdd
from `flask_realOdds`
WHERE matchID  = ro.matchID
ORDER BY oddID DESC
LIMIT 1) as 'close',
(SELECT 
MAX(awayOdd)
from `flask_realOdds`
WHERE matchID = ro.matchID
GROUP BY matchID) as 'high',
(SELECT 
MIN(awayOdd)
from `flask_realOdds`
WHERE matchID = ro.matchID
GROUP BY matchID) as 'low',
(SELECT 
awayOdd
from `flask_realOdds`
WHERE matchID = ro.matchID
GROUP BY matchID
ORDER BY capturedAt ASC) as 'open'
from `flask_realOdds` as ro
GROUP BY matchID  
ORDER BY `ro`.`matchID` ASC)
UNION
(SELECT 
oddID,matchID,volume, capturedAt as 'date','draw' as oddType,
(SELECT 
drawOdd
from `flask_realOdds`
WHERE matchID  = ro.matchID
ORDER BY oddID DESC
LIMIT 1) as 'close',
(SELECT 
MAX(drawOdd)
from `flask_realOdds`
WHERE matchID = ro.matchID
GROUP BY matchID) as 'high',
(SELECT 
MIN(drawOdd)
from `flask_realOdds`
WHERE matchID = ro.matchID
GROUP BY matchID) as 'low',
(SELECT 
drawOdd
from `flask_realOdds`
WHERE matchID = ro.matchID
GROUP BY matchID
ORDER BY capturedAt ASC) as 'open'
from `flask_realOdds` as ro
GROUP BY matchID  
ORDER BY `ro`.`matchID` ASC)
UNION
(SELECT 
oddID,matchID,volume, capturedAt as 'date','home' as oddType,
(SELECT 
homeOdd
from `flask_realOdds`
WHERE matchID  = ro.matchID
ORDER BY oddID DESC
LIMIT 1) as 'close',
(SELECT 
MAX(homeOdd)
from `flask_realOdds`
WHERE matchID = ro.matchID
GROUP BY matchID) as 'high',
(SELECT 
MIN(homeOdd)
from `flask_realOdds`
WHERE matchID = ro.matchID
GROUP BY matchID) as 'low',
(SELECT 
homeOdd
from `flask_realOdds`
WHERE matchID = ro.matchID
GROUP BY matchID
ORDER BY capturedAt ASC) as 'open'
from `flask_realOdds` as ro
GROUP BY matchID  
ORDER BY `ro`.`matchID` ASC
)$$

DELIMITER ;

-- --------------------------------------------------------

--
-- Estrutura da tabela `flask_matches`
--

CREATE TABLE `flask_matches` (
  `matchID` int NOT NULL,
  `homeTeam` varchar(64) NOT NULL,
  `awayTeam` varchar(64) NOT NULL,
  `date` datetime NOT NULL
) ENGINE=InnoDB DEFAULT CHARSET=utf8mb4 COLLATE=utf8mb4_0900_ai_ci;

--
-- Extraindo dados da tabela `flask_matches`
--

INSERT INTO `flask_matches` (`matchID`, `homeTeam`, `awayTeam`, `date`) VALUES
(17, 'Santa Clara ', ' Desp. Aves', '2020-07-14 16:00:00'),
(18, 'Portimonense ', ' Boavista', '2020-07-14 16:00:00'),
(19, 'Gil Vicente ', ' Tondela', '2020-07-14 16:00:00'),
(20, 'Benfica ', ' V. Guimarães', '2020-07-14 16:00:00'),
(21, 'Moreirense ', ' Paços de Ferreira', '2020-07-15 16:00:00'),
(22, 'Braga ', ' Belenenses', '2020-07-15 16:00:00'),
(23, 'FC Porto ', ' Sporting', '2020-07-15 16:00:00'),
(24, 'Portimonense ', ' Boavista', '2020-07-14 18:15:00'),
(25, 'Gil Vicente ', ' Tondela', '2020-07-14 18:15:00'),
(26, 'Benfica ', ' V. Guimarães', '2020-07-14 18:15:00'),
(27, 'Moreirense ', ' Paços de Ferreira', '2020-07-15 18:15:00'),
(28, 'Braga ', ' Belenenses', '2020-07-15 18:15:00'),
(29, 'FC Porto ', ' Sporting', '2020-07-15 18:15:00'),
(30, 'Gil Vicente ', ' Tondela', '2020-07-14 20:30:00'),
(31, 'Benfica ', ' V. Guimarães', '2020-07-14 20:30:00'),
(32, 'Moreirense ', ' Paços de Ferreira', '2020-07-15 20:30:00'),
(33, 'Braga ', ' Belenenses', '2020-07-15 20:30:00'),
(34, 'FC Porto ', ' Sporting', '2020-07-15 20:30:00'),
(35, 'Moreirense ', ' Paços de Ferreira', '2020-07-15 18:00:00'),
(36, 'Braga ', ' Belenenses', '2020-07-15 18:00:00'),
(37, 'FC Porto ', ' Sporting', '2020-07-15 18:00:00'),
(38, 'Rio Ave ', ' Santa Clara', '2020-07-18 16:00:00'),
(39, 'V. Guimarães ', ' Marítimo', '2020-07-19 16:00:00'),
(40, 'Rio Ave ', ' Santa Clara', '2020-07-18 18:15:00'),
(41, 'Belenenses ', ' Gil Vicente', '2020-07-19 18:15:00'),
(42, 'V. Guimarães ', ' Marítimo', '2020-07-19 18:15:00'),
(43, 'Rio Ave ', ' Santa Clara', '2020-07-18 20:30:00'),
(44, 'Belenenses ', ' Gil Vicente', '2020-07-19 20:30:00'),
(45, 'V. Guimarães ', ' Marítimo', '2020-07-19 20:30:00'),
(46, 'Rio Ave ', ' Santa Clara', '2020-07-18 18:00:00'),
(47, 'Belenenses ', ' Gil Vicente', '2020-07-19 18:00:00'),
(48, 'V. Guimarães ', ' Marítimo', '2020-07-19 18:00:00'),
(49, 'Famalicão ', ' Boavista', '2020-07-18 18:00:00');

-- --------------------------------------------------------

--
-- Estrutura da tabela `flask_predOdds`
--

CREATE TABLE `flask_predOdds` (
  `taOddID` int NOT NULL,
  `oddID` int DEFAULT NULL,
  `matchID` int DEFAULT NULL,
  `oddType` varchar(32) NOT NULL,
  `openOdd` float NOT NULL,
  `highestOdd` float NOT NULL,
  `lowestOdd` float NOT NULL,
  `actualOdd` float NOT NULL,
  `volumeOdd` float NOT NULL,
  `MACD_12_26_9` float DEFAULT NULL,
  `MACDH_12_26_9` float DEFAULT NULL,
  `MACDS_12_26_9` float DEFAULT NULL,
  `SMA_10` float DEFAULT NULL,
  `BBL_5` float DEFAULT NULL,
  `BBM_5` float DEFAULT NULL,
  `BBU_5` float DEFAULT NULL,
  `HMA_10` float DEFAULT NULL,
  `OBV` float DEFAULT NULL,
  `AROOND_14` float DEFAULT NULL,
  `AROONU_14` float DEFAULT NULL,
  `AROONOSC_14` float DEFAULT NULL,
  `prediction` float DEFAULT NULL,
  `generatedAt` datetime NOT NULL
) ENGINE=InnoDB DEFAULT CHARSET=utf8mb4 COLLATE=utf8mb4_0900_ai_ci;

--
-- Extraindo dados da tabela `flask_predOdds`
--

INSERT INTO `flask_predOdds` (`taOddID`, `oddID`, `matchID`, `oddType`, `openOdd`, `highestOdd`, `lowestOdd`, `actualOdd`, `volumeOdd`, `MACD_12_26_9`, `MACDH_12_26_9`, `MACDS_12_26_9`, `SMA_10`, `BBL_5`, `BBM_5`, `BBU_5`, `HMA_10`, `OBV`, `AROOND_14`, `AROONU_14`, `AROONOSC_14`, `prediction`, `generatedAt`) VALUES
(77, 1, 17, 'away', 1.23, 2.35, 1.2, 1.45, 235, NULL, NULL, NULL, NULL, NULL, NULL, NULL, NULL, 235, NULL, NULL, NULL, 1.68229, '2020-07-16 01:46:10'),
(78, 1, 17, 'home', 1.23, 2.35, 1.2, 1.45, 236, NULL, NULL, NULL, NULL, NULL, NULL, NULL, NULL, 235, NULL, NULL, NULL, 1.45567, '2020-07-16 01:46:10'),
(79, 1, 17, 'draw', 1.23, 2.35, 1.2, 1.45, 237, NULL, NULL, NULL, NULL, NULL, NULL, NULL, NULL, 235, NULL, NULL, NULL, 1.70156, '2020-07-16 01:46:10'),
(80, 1, 18, 'away', 1.23, 2.35, 1.2, 1.45, 238, NULL, NULL, NULL, NULL, NULL, NULL, NULL, NULL, 235, NULL, NULL, NULL, 1.44982, '2020-07-16 01:46:11'),
(81, 1, 18, 'home', 1.23, 2.35, 1.2, 1.45, 239, NULL, NULL, NULL, NULL, 1.45, 1.45, 1.45, NULL, 235, NULL, NULL, NULL, 1.45538, '2020-07-16 01:46:11'),
(82, 1, 18, 'draw', 1.23, 2.35, 1.2, 1.45, 240, NULL, NULL, NULL, NULL, 1.45, 1.45, 1.45, NULL, 235, NULL, NULL, NULL, 1.53745, '2020-07-16 01:46:11'),
(83, 1, 19, 'away', 1.23, 2.35, 1.2, 1.45, 241, NULL, NULL, NULL, NULL, 1.45, 1.45, 1.45, NULL, 235, NULL, NULL, NULL, 1.35625, '2020-07-16 01:46:11'),
(84, 1, 19, 'home', 1.23, 2.35, 1.2, 1.45, 242, NULL, NULL, NULL, NULL, 1.45, 1.45, 1.45, NULL, 235, NULL, NULL, NULL, 1.41736, '2020-07-16 01:46:11'),
(85, 1, 19, 'draw', 1.23, 2.35, 1.2, 3.32, 243, NULL, NULL, NULL, NULL, 0.151421, 1.824, 3.49658, NULL, 478, NULL, NULL, NULL, 2.43573, '2020-07-16 01:46:11'),
(86, 1, 20, 'away', 1.23, 2.35, 1.2, 1.45, 244, NULL, NULL, NULL, 1.637, 0.151421, 1.824, 3.49658, NULL, 234, NULL, NULL, NULL, 1.63687, '2020-07-16 01:46:11'),
(87, 1, 20, 'home', 1.23, 2.35, 1.2, 1.45, 245, NULL, NULL, NULL, 1.637, 0.151421, 1.824, 3.49658, NULL, 234, NULL, NULL, NULL, 1.62324, '2020-07-16 01:46:11'),
(88, 1, 20, 'draw', 1.23, 2.35, 1.2, 1.45, 246, NULL, NULL, NULL, 1.637, 0.151421, 1.824, 3.49658, 1.85422, 234, NULL, NULL, NULL, 1.32147, '2020-07-16 01:46:11'),
(89, 1, 21, 'away', 1.23, 2.35, 1.2, 1.45, 247, NULL, NULL, NULL, 1.637, 0.151421, 1.824, 3.49658, 1.63889, 234, NULL, NULL, NULL, 1.49532, '2020-07-16 01:46:11'),
(90, 1, 21, 'home', 1.23, 2.35, 1.2, 1.45, 248, NULL, NULL, NULL, 1.637, 1.45, 1.45, 1.45, 1.42356, 234, NULL, NULL, NULL, 1.28624, '2020-07-16 01:46:11'),
(91, 1, 21, 'draw', 1.23, 2.35, 1.2, 1.45, 249, NULL, NULL, NULL, 1.637, 1.45, 1.45, 1.45, 1.33289, 234, 100, 100, 0, 1.43585, '2020-07-16 01:46:11'),
(92, 1, 22, 'away', 1.23, 2.35, 1.2, 1.45, 250, NULL, NULL, NULL, 1.637, 1.45, 1.45, 1.45, 1.32533, 234, 100, 100, 0, 1.41286, '2020-07-16 01:46:11'),
(93, 1, 22, 'home', 1.23, 2.35, 1.2, 1.25, 251, NULL, NULL, NULL, 1.617, 1.23111, 1.41, 1.58889, 1.31085, -17, 100, 100, 0, 1.22912, '2020-07-16 01:46:11'),
(94, 1, 22, 'draw', 1.23, 2.35, 1.2, 1.45, 252, NULL, NULL, NULL, 1.617, 1.23111, 1.41, 1.58889, 1.32404, 235, 100, 100, 0, 1.43621, '2020-07-16 01:46:11'),
(95, 1, 23, 'away', 1.23, 2.35, 1.2, 1.45, 253, NULL, NULL, NULL, 1.43, 1.23111, 1.41, 1.58889, 1.36107, 235, 100, 100, 0, 1.37443, '2020-07-16 01:46:11'),
(96, 1, 23, 'home', 1.23, 2.35, 1.2, 1.05, 254, NULL, NULL, NULL, 1.39, 0.972229, 1.33, 1.68777, 1.30413, -19, 100, 100, 0, 1.19441, '2020-07-16 01:46:11'),
(97, 1, 23, 'draw', 1.23, 2.35, 1.2, 1.45, 255, NULL, NULL, NULL, 1.39, 0.972229, 1.33, 1.68777, 1.29121, 236, 100, 100, 0, 1.42335, '2020-07-16 01:46:11'),
(98, 1, 24, 'away', 1.23, 2.35, 1.2, 1.45, 256, NULL, NULL, NULL, 1.39, 1.01223, 1.37, 1.72777, 1.3203, 236, 100, 100, 0, 1.40512, '2020-07-16 01:46:11'),
(99, 1, 24, 'home', 1.23, 2.35, 1.2, 1.45, 257, NULL, NULL, NULL, 1.39, 1.01223, 1.37, 1.72777, 1.37606, 236, 100, 100, 0, 1.34066, '2020-07-16 01:46:11'),
(100, 1, 24, 'draw', 1.23, 2.35, 1.2, 1.45, 258, NULL, NULL, NULL, 1.39, 1.01223, 1.37, 1.72777, 1.42293, 236, 100, 100, 0, 1.36492, '2020-07-16 01:46:11'),
(101, 1, 25, 'away', 1.23, 2.35, 1.2, 1.45, 259, NULL, NULL, NULL, 1.39, 1.45, 1.45, 1.45, 1.46535, 236, 100, 100, 0, 1.36606, '2020-07-16 01:46:11'),
(102, 1, 25, 'home', 1.23, 2.35, 1.2, 1.45, 260, -0.0632442, NULL, NULL, 1.39, 1.45, 1.45, 1.45, 1.48111, 236, 100, 100, 0, 1.45211, '2020-07-16 01:46:11'),
(103, 1, 25, 'draw', 1.23, 2.35, 1.2, 1.45, 261, -0.0574109, 0.00466666, -0.0620776, 1.41, 1.45, 1.45, 1.45, 1.47909, 236, 100, 100, 0, 1.4699, '2020-07-16 01:46:11'),
(104, 1, 26, 'away', 1.23, 2.35, 1.2, 1.25, 262, -0.0681408, -0.00485059, -0.0632902, 1.39, 1.23111, 1.41, 1.58889, 1.42152, -26, 100, 100, 0, 1.21408, '2020-07-16 01:46:11'),
(105, 1, 26, 'home', 1.23, 2.35, 1.2, 1.45, 263, -0.0598165, 0.002779, -0.0625955, 1.39, 1.23111, 1.41, 1.58889, 1.39283, 237, 100, 100, 0, 1.45977, '2020-07-16 01:46:11'),
(106, 1, 26, 'draw', 1.23, 2.35, 1.2, 1.45, 264, -0.0526129, 0.00798607, -0.060599, 1.43, 1.23111, 1.41, 1.58889, 1.38859, 237, 100, 100, 0, 1.56884, '2020-07-16 01:46:11'),
(107, 1, 27, 'away', 1.23, 2.35, 1.2, 1.45, 265, -0.0463695, 0.0113836, -0.0577531, 1.43, 1.23111, 1.41, 1.58889, 1.40798, 237, 100, 100, 0, 1.51915, '2020-07-16 01:46:11'),
(108, 1, 27, 'home', 1.23, 2.35, 1.2, 1.35, 266, -0.0489267, 0.0070611, -0.0559878, 1.42, 1.21111, 1.39, 1.56889, 1.40556, -29, 100, 100, 0, 1.25459, '2020-07-16 01:46:12'),
(109, 1, 27, 'draw', 1.23, 2.35, 1.2, 1.45, 267, -0.0423954, 0.0108739, -0.0532693, 1.42, 1.34056, 1.43, 1.51944, 1.41818, 238, 100, 100, 0, 1.52174, '2020-07-16 01:46:12'),
(110, 1, 28, 'away', 1.23, 2.35, 1.2, 1.45, 268, -0.0367952, 0.0131793, -0.0499745, 1.42, 1.34056, 1.43, 1.51944, 1.42939, 238, 100, 100, 0, 1.46241, '2020-07-16 01:46:12'),
(111, 1, 28, 'home', 1.23, 2.35, 1.2, 1.55, 269, -0.024011, 0.0207708, -0.0447818, 1.43, 1.30858, 1.45, 1.59142, 1.46596, 507, 100, 100, 0, 1.63124, '2020-07-16 01:46:12'),
(112, 1, 28, 'draw', 1.23, 2.35, 1.2, 1.75, 270, 0.00223308, 0.0376119, -0.0353788, 1.46, 1.20668, 1.51, 1.81332, 1.55697, 777, 100, 100, 0, 1.9337, '2020-07-16 01:46:12'),
(113, 1, 29, 'away', 1.23, 2.35, 1.2, 2.45, 271, 0.0786097, 0.0911908, -0.0125811, 1.56, 0.888573, 1.73, 2.57143, 1.83697, 1048, 100, 100, 0, 2.32603, '2020-07-16 01:46:12'),
(114, 1, 29, 'home', 1.23, 2.35, 1.2, 1.35, 272, 0.0498039, 0.049908, -0.000104121, 1.57, 0.831365, 1.71, 2.58864, 1.90192, 776, 100, 100, 0, 1.4244, '2020-07-16 01:46:12'),
(115, 1, 29, 'draw', 4.23, 3.35, 2.2, 1.35, 272, 0.0266676, 0.0214174, 0.00525022, 1.56, 0.77786, 1.69, 2.60214, 1.80465, 776, 92.8571, 100, 7.14286, 1.3626, '2020-07-16 01:46:12'),
(116, 1, 17, 'away', 1.23, 2.35, 1.2, 1.45, 235, NULL, NULL, NULL, NULL, NULL, NULL, NULL, NULL, 235, NULL, NULL, NULL, 1.68229, '2020-07-16 10:18:11'),
(117, 1, 17, 'home', 1.23, 2.35, 1.2, 1.45, 236, NULL, NULL, NULL, NULL, NULL, NULL, NULL, NULL, 235, NULL, NULL, NULL, 1.45567, '2020-07-16 10:18:12'),
(118, 1, 17, 'draw', 1.23, 2.35, 1.2, 1.45, 237, NULL, NULL, NULL, NULL, NULL, NULL, NULL, NULL, 235, NULL, NULL, NULL, 1.70156, '2020-07-16 10:18:12'),
(119, 1, 18, 'away', 1.23, 2.35, 1.2, 1.45, 238, NULL, NULL, NULL, NULL, NULL, NULL, NULL, NULL, 235, NULL, NULL, NULL, 1.44982, '2020-07-16 10:18:12'),
(120, 1, 18, 'home', 1.23, 2.35, 1.2, 1.45, 239, NULL, NULL, NULL, NULL, 1.45, 1.45, 1.45, NULL, 235, NULL, NULL, NULL, 1.45538, '2020-07-16 10:18:12'),
(121, 1, 18, 'draw', 1.23, 2.35, 1.2, 1.45, 240, NULL, NULL, NULL, NULL, 1.45, 1.45, 1.45, NULL, 235, NULL, NULL, NULL, 1.53745, '2020-07-16 10:18:12'),
(122, 1, 19, 'away', 1.23, 2.35, 1.2, 1.45, 241, NULL, NULL, NULL, NULL, 1.45, 1.45, 1.45, NULL, 235, NULL, NULL, NULL, 1.35625, '2020-07-16 10:18:12'),
(123, 1, 19, 'home', 1.23, 2.35, 1.2, 1.45, 242, NULL, NULL, NULL, NULL, 1.45, 1.45, 1.45, NULL, 235, NULL, NULL, NULL, 1.41736, '2020-07-16 10:18:12'),
(124, 1, 19, 'draw', 1.23, 2.35, 1.2, 3.32, 243, NULL, NULL, NULL, NULL, 0.151421, 1.824, 3.49658, NULL, 478, NULL, NULL, NULL, 2.43573, '2020-07-16 10:18:12'),
(125, 1, 20, 'away', 1.23, 2.35, 1.2, 1.45, 244, NULL, NULL, NULL, 1.637, 0.151421, 1.824, 3.49658, NULL, 234, NULL, NULL, NULL, 1.63687, '2020-07-16 10:18:12'),
(126, 1, 20, 'home', 1.23, 2.35, 1.2, 1.45, 245, NULL, NULL, NULL, 1.637, 0.151421, 1.824, 3.49658, NULL, 234, NULL, NULL, NULL, 1.62324, '2020-07-16 10:18:12'),
(127, 1, 20, 'draw', 1.23, 2.35, 1.2, 1.45, 246, NULL, NULL, NULL, 1.637, 0.151421, 1.824, 3.49658, 1.85422, 234, NULL, NULL, NULL, 1.32147, '2020-07-16 10:18:12'),
(128, 1, 21, 'away', 1.23, 2.35, 1.2, 1.45, 247, NULL, NULL, NULL, 1.637, 0.151421, 1.824, 3.49658, 1.63889, 234, NULL, NULL, NULL, 1.49532, '2020-07-16 10:18:12'),
(129, 1, 21, 'home', 1.23, 2.35, 1.2, 1.45, 248, NULL, NULL, NULL, 1.637, 1.45, 1.45, 1.45, 1.42356, 234, NULL, NULL, NULL, 1.28624, '2020-07-16 10:18:12'),
(130, 1, 21, 'draw', 1.23, 2.35, 1.2, 1.45, 249, NULL, NULL, NULL, 1.637, 1.45, 1.45, 1.45, 1.33289, 234, 100, 100, 0, 1.43585, '2020-07-16 10:18:12'),
(131, 1, 22, 'away', 1.23, 2.35, 1.2, 1.45, 250, NULL, NULL, NULL, 1.637, 1.45, 1.45, 1.45, 1.32533, 234, 100, 100, 0, 1.41286, '2020-07-16 10:18:12'),
(132, 1, 22, 'home', 1.23, 2.35, 1.2, 1.25, 251, NULL, NULL, NULL, 1.617, 1.23111, 1.41, 1.58889, 1.31085, -17, 100, 100, 0, 1.22912, '2020-07-16 10:18:12'),
(133, 1, 22, 'draw', 1.23, 2.35, 1.2, 1.45, 252, NULL, NULL, NULL, 1.617, 1.23111, 1.41, 1.58889, 1.32404, 235, 100, 100, 0, 1.43621, '2020-07-16 10:18:12'),
(134, 1, 23, 'away', 1.23, 2.35, 1.2, 1.45, 253, NULL, NULL, NULL, 1.43, 1.23111, 1.41, 1.58889, 1.36107, 235, 100, 100, 0, 1.37443, '2020-07-16 10:18:12'),
(135, 1, 23, 'home', 1.23, 2.35, 1.2, 1.05, 254, NULL, NULL, NULL, 1.39, 0.972229, 1.33, 1.68777, 1.30413, -19, 100, 100, 0, 1.19441, '2020-07-16 10:18:12'),
(136, 1, 23, 'draw', 1.23, 2.35, 1.2, 1.45, 255, NULL, NULL, NULL, 1.39, 0.972229, 1.33, 1.68777, 1.29121, 236, 100, 100, 0, 1.42335, '2020-07-16 10:18:12'),
(137, 1, 24, 'away', 1.23, 2.35, 1.2, 1.45, 256, NULL, NULL, NULL, 1.39, 1.01223, 1.37, 1.72777, 1.3203, 236, 100, 100, 0, 1.40512, '2020-07-16 10:18:12'),
(138, 1, 24, 'home', 1.23, 2.35, 1.2, 1.45, 257, NULL, NULL, NULL, 1.39, 1.01223, 1.37, 1.72777, 1.37606, 236, 100, 100, 0, 1.34066, '2020-07-16 10:18:12'),
(139, 1, 24, 'draw', 1.23, 2.35, 1.2, 1.45, 258, NULL, NULL, NULL, 1.39, 1.01223, 1.37, 1.72777, 1.42293, 236, 100, 100, 0, 1.36492, '2020-07-16 10:18:13'),
(140, 1, 25, 'away', 1.23, 2.35, 1.2, 1.45, 259, NULL, NULL, NULL, 1.39, 1.45, 1.45, 1.45, 1.46535, 236, 100, 100, 0, 1.36606, '2020-07-16 10:18:13'),
(141, 1, 25, 'home', 1.23, 2.35, 1.2, 1.45, 260, -0.0632442, NULL, NULL, 1.39, 1.45, 1.45, 1.45, 1.48111, 236, 100, 100, 0, 1.45211, '2020-07-16 10:18:13'),
(142, 1, 25, 'draw', 1.23, 2.35, 1.2, 1.45, 261, -0.0574109, 0.00466666, -0.0620776, 1.41, 1.45, 1.45, 1.45, 1.47909, 236, 100, 100, 0, 1.4699, '2020-07-16 10:18:13'),
(143, 1, 26, 'away', 1.23, 2.35, 1.2, 1.25, 262, -0.0681408, -0.00485059, -0.0632902, 1.39, 1.23111, 1.41, 1.58889, 1.42152, -26, 100, 100, 0, 1.21408, '2020-07-16 10:18:13'),
(144, 1, 26, 'home', 1.23, 2.35, 1.2, 1.45, 263, -0.0598165, 0.002779, -0.0625955, 1.39, 1.23111, 1.41, 1.58889, 1.39283, 237, 100, 100, 0, 1.45977, '2020-07-16 10:18:13'),
(145, 1, 26, 'draw', 1.23, 2.35, 1.2, 1.45, 264, -0.0526129, 0.00798607, -0.060599, 1.43, 1.23111, 1.41, 1.58889, 1.38859, 237, 100, 100, 0, 1.56884, '2020-07-16 10:18:13'),
(146, 1, 27, 'away', 1.23, 2.35, 1.2, 1.45, 265, -0.0463695, 0.0113836, -0.0577531, 1.43, 1.23111, 1.41, 1.58889, 1.40798, 237, 100, 100, 0, 1.51915, '2020-07-16 10:18:13'),
(147, 1, 27, 'home', 1.23, 2.35, 1.2, 1.35, 266, -0.0489267, 0.0070611, -0.0559878, 1.42, 1.21111, 1.39, 1.56889, 1.40556, -29, 100, 100, 0, 1.25459, '2020-07-16 10:18:13'),
(148, 1, 27, 'draw', 1.23, 2.35, 1.2, 1.45, 267, -0.0423954, 0.0108739, -0.0532693, 1.42, 1.34056, 1.43, 1.51944, 1.41818, 238, 100, 100, 0, 1.52174, '2020-07-16 10:18:13'),
(149, 1, 28, 'away', 1.23, 2.35, 1.2, 1.45, 268, -0.0367952, 0.0131793, -0.0499745, 1.42, 1.34056, 1.43, 1.51944, 1.42939, 238, 100, 100, 0, 1.46241, '2020-07-16 10:18:13'),
(150, 1, 28, 'home', 1.23, 2.35, 1.2, 1.55, 269, -0.024011, 0.0207708, -0.0447818, 1.43, 1.30858, 1.45, 1.59142, 1.46596, 507, 100, 100, 0, 1.63124, '2020-07-16 10:18:13'),
(151, 1, 28, 'draw', 1.23, 2.35, 1.2, 1.75, 270, 0.00223308, 0.0376119, -0.0353788, 1.46, 1.20668, 1.51, 1.81332, 1.55697, 777, 100, 100, 0, 1.9337, '2020-07-16 10:18:13'),
(152, 1, 29, 'away', 1.23, 2.35, 1.2, 2.45, 271, 0.0786097, 0.0911908, -0.0125811, 1.56, 0.888573, 1.73, 2.57143, 1.83697, 1048, 100, 100, 0, 2.32603, '2020-07-16 10:18:13'),
(153, 1, 29, 'home', 1.23, 2.35, 1.2, 1.35, 272, 0.0498039, 0.049908, -0.000104121, 1.57, 0.831365, 1.71, 2.58864, 1.90192, 776, 100, 100, 0, 1.4244, '2020-07-16 10:18:13'),
(154, 1, 29, 'draw', 4.23, 3.35, 2.2, 1.35, 272, 0.0266676, 0.0214174, 0.00525022, 1.56, 0.77786, 1.69, 2.60214, 1.80465, 776, 92.8571, 100, 7.14286, 1.3626, '2020-07-16 10:18:13'),
(155, 1, 17, 'away', 6.05, 6.25, 6.05, 6.25, 210, NULL, NULL, NULL, NULL, NULL, NULL, NULL, NULL, 210, NULL, NULL, NULL, 6.38972, '2020-07-16 15:30:18'),
(156, 2, 18, 'away', 6.55, 6.9, 6.55, 6.85, 209, NULL, NULL, NULL, NULL, NULL, NULL, NULL, NULL, 419, NULL, NULL, NULL, 7.14427, '2020-07-16 15:30:18'),
(157, 3, 19, 'away', 3.15, 3.15, 3.1, 3.1, 212, NULL, NULL, NULL, NULL, NULL, NULL, NULL, NULL, 207, NULL, NULL, NULL, 2.93289, '2020-07-16 15:30:18'),
(158, 4, 20, 'away', 5.4, 5.45, 5.4, 5.45, 225, NULL, NULL, NULL, NULL, NULL, NULL, NULL, NULL, 432, NULL, NULL, NULL, 5.54823, '2020-07-16 15:30:19'),
(159, 5, 21, 'away', 2.74, 2.76, 2.62, 2.62, 152, NULL, NULL, NULL, NULL, 1.06516, 4.854, 8.64284, NULL, 280, NULL, NULL, NULL, 2.54629, '2020-07-16 15:30:19'),
(160, 6, 22, 'away', 10.5, 11.25, 9.75, 10.25, 163, NULL, NULL, NULL, NULL, -0.536583, 5.654, 11.8446, NULL, 443, NULL, NULL, NULL, 9.95788, '2020-07-16 15:30:19'),
(161, 7, 23, 'away', 4.55, 5.15, 4.55, 5.15, 165, NULL, NULL, NULL, NULL, -0.733224, 5.314, 11.3612, NULL, 278, NULL, NULL, NULL, 5.04351, '2020-07-16 15:30:19'),
(162, 78, 24, 'away', 7.05, 7.2, 6.85, 6.85, 208, NULL, NULL, NULL, NULL, 0.477058, 6.064, 11.6509, NULL, 486, NULL, NULL, NULL, 7.25851, '2020-07-16 15:30:19'),
(163, 79, 25, 'away', 3.1, 3.1, 3.02, 3.02, 213, NULL, NULL, NULL, NULL, -0.66074, 5.578, 11.8167, NULL, 273, NULL, NULL, NULL, 2.89286, '2020-07-16 15:30:19'),
(164, 80, 26, 'away', 5.45, 5.55, 5.45, 5.55, 225, NULL, NULL, NULL, 5.509, 0.829591, 6.164, 11.4984, NULL, 498, NULL, NULL, NULL, 5.75306, '2020-07-16 15:30:19'),
(165, 81, 27, 'away', 2.74, 2.74, 2.74, 2.74, 152, NULL, NULL, NULL, 5.158, 1.16854, 4.662, 8.15546, NULL, 346, NULL, NULL, NULL, 2.78342, '2020-07-16 15:30:19'),
(166, 82, 28, 'away', 10.5, 10.75, 10.5, 10.75, 163, NULL, NULL, NULL, 5.548, -0.756951, 5.782, 12.321, 5.38932, 509, NULL, NULL, NULL, 10.2421, '2020-07-16 15:30:19'),
(167, 83, 29, 'away', 4.55, 5.25, 4.55, 5.25, 165, NULL, NULL, NULL, 5.763, -0.971372, 5.462, 11.8954, 5.95653, 344, NULL, NULL, NULL, 5.29736, '2020-07-16 15:30:19'),
(168, 132, 30, 'away', 3.02, 3.02, 2.97, 2.97, 213, NULL, NULL, NULL, 5.515, -1.00048, 5.452, 11.9045, 5.7866, 131, NULL, NULL, NULL, 2.90433, '2020-07-16 15:30:19'),
(169, 133, 31, 'away', 5.55, 5.55, 5.45, 5.45, 225, NULL, NULL, NULL, 5.798, -1.01958, 5.432, 11.8836, 5.35725, 356, 28.5714, 35.7143, 7.14286, 5.70486, '2020-07-16 15:30:19'),
(170, 134, 32, 'away', 2.74, 2.74, 2.74, 2.74, 152, NULL, NULL, NULL, 5.047, -1.01958, 5.432, 11.8836, 4.54916, 204, 21.4286, 28.5714, 7.14286, 2.7738, '2020-07-16 15:30:19'),
(171, 135, 33, 'away', 10.75, 10.75, 10.75, 10.75, 163, NULL, NULL, NULL, 5.607, -1.01958, 5.432, 11.8836, 5.39223, 367, 14.2857, 21.4286, 7.14286, 10.2732, '2020-07-16 15:30:19'),
(172, 136, 34, 'away', 4.55, 5.5, 4.55, 5.5, 165, NULL, NULL, NULL, 5.472, -0.966401, 5.482, 11.9304, 6.05432, 202, 7.14286, 14.2857, 7.14286, 5.46951, '2020-07-16 15:30:19'),
(173, 158, 35, 'away', 2.72, 2.72, 2.72, 2.72, 152, NULL, NULL, NULL, 5.442, -1.11688, 5.432, 11.9809, 5.8235, 50, 0, 7.14286, 7.14286, 2.72141, '2020-07-16 15:30:19'),
(174, 159, 36, 'away', 11.25, 11.25, 11.25, 11.25, 163, NULL, NULL, NULL, 6.012, -1.77512, 6.592, 14.9591, 6.79865, 213, 92.8571, 100, 7.14286, 10.4073, '2020-07-16 15:30:19'),
(175, 160, 37, 'away', 4.8, 4.8, 4.8, 4.8, 165, NULL, NULL, NULL, 6.218, -0.581072, 7.004, 14.5891, 7.02889, 48, 85.7143, 92.8571, 7.14286, 4.67384, '2020-07-16 15:30:19'),
(176, 188, 38, 'away', 5.35, 5.35, 5.35, 5.35, 105, NULL, NULL, NULL, 5.678, -0.432455, 5.924, 12.2805, 6.70214, 153, 78.5714, 85.7143, 7.14286, 5.47019, '2020-07-16 15:30:19'),
(177, 189, 39, 'away', 4.4, 4.4, 4.4, 4.4, 105, NULL, NULL, NULL, 5.593, -0.800254, 5.704, 12.2083, 5.83299, 48, 71.4286, 78.5714, 7.14286, 4.37854, '2020-07-16 15:30:19'),
(178, 197, 40, 'away', 5.95, 5.95, 5.95, 5.95, 105, NULL, NULL, NULL, 5.891, 0.748661, 6.35, 11.9513, 5.46385, 153, 64.2857, 71.4286, 7.14286, 6.15419, '2020-07-16 15:30:19'),
(179, 198, 41, 'away', 3.08, 3.08, 3.08, 3.08, 105, NULL, NULL, NULL, 5.654, 2.54618, 4.716, 6.88582, 4.53182, 48, 57.1429, 64.2857, 7.14286, 2.94735, '2020-07-16 15:30:19'),
(180, 199, 42, 'away', 4.98, 4.98, 4.98, 4.98, 105, -0.281893, NULL, NULL, 5.878, 2.56928, 4.752, 6.93472, 4.1413, 153, 50, 57.1429, 7.14286, 4.82469, '2020-07-16 15:30:19'),
(181, 201, 43, 'away', 6.05, 6.45, 6.05, 6.45, 105, -0.165103, 0.0934313, -0.258535, 5.448, 2.31722, 4.972, 7.62678, 4.47667, 258, 42.8571, 50, 7.14286, 6.59316, '2020-07-16 15:30:19'),
(182, 202, 44, 'away', 3.08, 3.08, 3.08, 3.08, 105, -0.340552, -0.0656142, -0.274938, 5.206, 1.55334, 4.708, 7.86266, 4.4537, 153, 35.7143, 42.8571, 7.14286, 3.01631, '2020-07-16 15:30:19'),
(183, 203, 45, 'away', 4.98, 4.98, 4.98, 4.98, 105, -0.322565, -0.038101, -0.284464, 5.432, 1.63388, 4.514, 7.39412, 4.45931, 258, 28.5714, 35.7143, 7.14286, 5.1302, '2020-07-16 15:30:19'),
(184, 228, 46, 'away', 6.45, 6.45, 6.15, 6.4, 105, -0.191519, 0.0743555, -0.265875, 4.947, 2.42277, 5.178, 7.93323, 4.93566, 363, 21.4286, 28.5714, 7.14286, 6.34726, '2020-07-16 15:30:19'),
(185, 229, 47, 'away', 3.08, 3.1, 2.99, 3.1, 105, -0.349914, -0.0672312, -0.282682, 4.777, 1.46085, 4.802, 8.14315, 4.80841, 258, 14.2857, 21.4286, 7.14286, 2.96023, '2020-07-16 15:30:19'),
(186, 230, 48, 'away', 4.98, 5, 4.95, 4.95, 105, -0.322446, -0.0318107, -0.290635, 4.737, 1.67017, 4.502, 7.33383, 4.6724, 363, 7.14286, 14.2857, 7.14286, 5.11125, '2020-07-16 15:30:19'),
(187, 249, 49, 'away', 6.55, 6.55, 6.45, 6.45, 105, -0.177593, 0.0904339, -0.268027, 4.942, 2.43364, 5.176, 7.91836, 5.01349, 468, 0, 7.14286, 7.14286, 6.75971, '2020-07-16 15:30:20'),
(188, 1, 17, 'draw', 4.02, 4.02, 4.02, 4.02, 210, -0.255926, 0.00968032, -0.265607, 4.749, 2.04561, 4.984, 7.92239, 5.05225, 258, 78.5714, 0, -78.5714, 4.11608, '2020-07-16 15:30:20'),
(189, 2, 18, 'draw', 3.82, 3.9, 3.82, 3.85, 209, -0.327943, -0.0498694, -0.278074, 4.826, 1.90213, 4.474, 7.04587, 4.7195, 49, 71.4286, 85.7143, 14.2857, 3.79931, '2020-07-16 15:30:20'),
(190, 3, 19, 'draw', 3.12, 3.12, 3.12, 3.12, 212, -0.438863, -0.128632, -0.310232, 4.64, 1.91677, 4.478, 7.03923, 4.12524, -163, 64.2857, 78.5714, 14.2857, 2.99938, '2020-07-16 15:30:20'),
(191, 4, 20, 'draw', 4.32, 4.37, 4.32, 4.37, 225, -0.42105, -0.0886546, -0.332396, 4.432, 1.85571, 4.362, 6.86829, 3.81754, 62, 57.1429, 71.4286, 14.2857, 4.3447, '2020-07-16 15:30:20'),
(192, 5, 21, 'draw', 3.08, 3.1, 3.07, 3.1, 152, -0.503606, -0.136968, -0.366638, 4.434, 2.56511, 3.692, 4.81889, 3.41158, -90, 50, 64.2857, 14.2857, 3.07954, '2020-07-16 15:30:20'),
(193, 6, 22, 'draw', 5.65, 5.9, 5.65, 5.75, 163, -0.351152, 0.0123888, -0.36354, 4.511, 1.84732, 4.038, 6.22868, 3.7744, 73, 42.8571, 57.1429, 14.2857, 6.14157, '2020-07-16 15:30:20'),
(194, 7, 23, 'draw', 3.68, 3.68, 3.67, 3.67, 165, -0.393631, -0.0240728, -0.369559, 4.238, 1.79006, 4.002, 6.21394, 4.00591, -92, 35.7143, 50, 14.2857, 3.59785, '2020-07-16 15:30:20'),
(195, 78, 24, 'draw', 3.9, 3.92, 3.8, 3.8, 208, -0.412057, -0.0339988, -0.378058, 4.308, 2.12229, 4.138, 6.15371, 4.13637, 116, 28.5714, 42.8571, 14.2857, 3.82019, '2020-07-16 15:30:20'),
(196, 79, 25, 'draw', 3.12, 3.12, 3.1, 3.1, 213, -0.477638, -0.0796636, -0.397974, 4.123, 1.70131, 3.884, 6.06669, 3.86644, -97, 21.4286, 35.7143, 14.2857, 3.06912, '2020-07-16 15:30:20'),
(197, 80, 26, 'draw', 4.37, 4.42, 4.37, 4.42, 225, -0.418276, -0.0162418, -0.402035, 3.92, 2.12605, 4.148, 6.16995, 3.85148, 128, 14.2857, 28.5714, 14.2857, 4.44595, '2020-07-16 15:30:20'),
(198, 81, 27, 'draw', 3.08, 3.08, 3.08, 3.08, 152, -0.473896, -0.0574892, -0.416407, 3.826, 2.50192, 3.614, 4.72608, 3.59423, -24, 7.14286, 21.4286, 14.2857, 3.10423, '2020-07-16 15:30:20'),
(199, 82, 28, 'draw', 5.65, 6, 5.65, 6, 163, -0.279138, 0.109815, -0.388953, 4.041, 1.66323, 4.08, 6.49677, 4.05606, 139, 0, 14.2857, 14.2857, 6.25918, '2020-07-16 15:30:20'),
(200, 83, 29, 'draw', 3.68, 3.7, 3.68, 3.7, 165, -0.306844, 0.0656872, -0.372531, 4.099, 1.63002, 4.06, 6.48998, 4.26565, -26, 42.8571, 7.14286, -35.7143, 3.70037, '2020-07-16 15:30:20'),
(201, 132, 30, 'draw', 3.1, 3.1, 3.07, 3.07, 213, -0.375311, -0.00222369, -0.373087, 3.969, 1.61205, 4.054, 6.49595, 4.16465, -239, 100, 0, -100, 3.0379, '2020-07-16 15:30:20'),
(202, 133, 31, 'draw', 4.42, 4.42, 4.4, 4.4, 225, -0.318579, 0.0436065, -0.362186, 4.099, 1.61098, 4.05, 6.48902, 4.05127, -14, 92.8571, 78.5714, -14.2857, 4.34214, '2020-07-16 15:30:20'),
(203, 134, 32, 'draw', 3.08, 3.08, 3.08, 3.08, 152, -0.3758, -0.0108913, -0.364908, 3.832, 1.61098, 4.05, 6.48902, 3.79253, -166, 85.7143, 71.4286, -14.2857, 3.00935, '2020-07-16 15:30:20'),
(204, 135, 33, 'draw', 5.7, 5.7, 5.7, 5.7, 163, -0.207345, 0.126051, -0.333396, 4.035, 1.78755, 3.99, 6.19245, 4.04429, -3, 78.5714, 64.2857, -14.2857, 5.89239, '2020-07-16 15:30:20'),
(205, 136, 34, 'draw', 3.68, 3.82, 3.63, 3.82, 165, -0.222974, 0.0883376, -0.311311, 4.037, 1.82477, 4.014, 6.20323, 4.18373, -168, 71.4286, 57.1429, -14.2857, 3.59694, '2020-07-16 15:30:20'),
(206, 158, 35, 'draw', 3.07, 3.07, 3.07, 3.07, 152, -0.292506, 0.015044, -0.30755, 4.034, 1.82477, 4.014, 6.20323, 4.05895, -320, 100, 50, -50, 2.95945, '2020-07-16 15:30:20'),
(207, 159, 36, 'draw', 5.9, 5.9, 5.9, 5.9, 163, -0.117895, 0.151724, -0.269619, 4.182, 1.52999, 4.314, 7.09801, 4.35443, -157, 92.8571, 42.8571, -50, 6.07222, '2020-07-16 15:30:20'),
(208, 160, 37, 'draw', 3.58, 3.58, 3.58, 3.58, 165, -0.164819, 0.0838401, -0.248659, 4.232, 1.82234, 4.414, 7.00566, 4.39493, -322, 85.7143, 35.7143, -50, 3.39836, '2020-07-16 15:30:20'),
(209, 188, 38, 'draw', 3.72, 3.72, 3.72, 3.72, 105, -0.188537, 0.0480981, -0.236635, 4.004, 1.83615, 4.018, 6.19985, 4.23653, -217, 78.5714, 28.5714, -50, 3.68799, '2020-07-16 15:30:20'),
(210, 189, 39, 'draw', 3.53, 3.53, 3.53, 3.53, 105, -0.220127, 0.0132064, -0.233333, 3.987, 1.7368, 3.96, 6.1832, 3.93044, -322, 71.4286, 21.4286, -50, 3.48531, '2020-07-16 15:30:20'),
(211, 197, 40, 'draw', 3.88, 3.88, 3.88, 3.88, 105, -0.214448, 0.015108, -0.229556, 4.068, 2.11559, 4.122, 6.12841, 3.77219, -217, 64.2857, 14.2857, -50, 3.87832, '2020-07-16 15:30:20'),
(212, 198, 41, 'draw', 3.03, 3.03, 3.03, 3.03, 105, -0.275362, -0.0366443, -0.238717, 3.931, 2.90809, 3.548, 4.18791, 3.4514, -322, 100, 7.14286, -92.8571, 3.01391, '2020-07-16 15:30:20'),
(213, 199, 42, 'draw', 3.93, 3.93, 3.93, 3.93, 105, -0.248153, -0.00754837, -0.240604, 4.016, 2.89007, 3.618, 4.34593, 3.39342, -217, 92.8571, 0, -92.8571, 3.96639, '2020-07-16 15:30:20'),
(214, 201, 43, 'draw', 3.93, 4.02, 3.87, 4.02, 105, -0.216828, 0.0190212, -0.235849, 3.848, 2.8637, 3.678, 4.4923, 3.52213, -112, 85.7143, 50, -35.7143, 3.87605, '2020-07-16 15:30:20'),
(215, 202, 44, 'draw', 3.03, 3.03, 3.03, 3.03, 105, -0.268789, -0.0263519, -0.242437, 3.769, 2.57248, 3.578, 4.58352, 3.51206, -217, 100, 42.8571, -57.1429, 2.97022, '2020-07-16 15:30:20'),
(216, 203, 45, 'draw', 3.93, 3.93, 3.93, 3.93, 105, -0.234641, 0.00623662, -0.240878, 3.855, 2.56659, 3.588, 4.60941, 3.56488, -112, 92.8571, 35.7143, -57.1429, 3.91276, '2020-07-16 15:30:20'),
(217, 228, 46, 'draw', 4.02, 4.02, 3.88, 3.93, 105, -0.205213, 0.0285316, -0.233745, 3.658, 2.93922, 3.768, 4.59678, 3.69331, -112, 85.7143, 28.5714, -57.1429, 3.81407, '2020-07-16 15:30:20'),
(218, 229, 47, 'draw', 3.03, 3.07, 3.02, 3.07, 105, -0.248423, -0.0117422, -0.236681, 3.607, 2.59604, 3.596, 4.59596, 3.61979, -217, 100, 21.4286, -78.5714, 3.00021, '2020-07-16 15:30:20'),
(219, 230, 48, 'draw', 3.93, 3.93, 3.82, 3.82, 105, -0.219616, 0.0136515, -0.233268, 3.617, 2.62739, 3.556, 4.48461, 3.59134, -112, 92.8571, 14.2857, -78.5714, 3.7985, '2020-07-16 15:30:20'),
(220, 249, 49, 'draw', 4.05, 4.05, 4.03, 4.03, 105, -0.177792, 0.0443806, -0.222173, 3.667, 2.97477, 3.756, 4.53723, 3.68893, -7, 85.7143, 7.14286, -78.5714, 4.05115, '2020-07-16 15:30:20'),
(221, 1, 17, 'home', 1.6, 1.6, 1.58, 1.58, 210, -0.338439, -0.0930133, -0.245426, 3.437, 1.23404, 3.286, 5.33795, 3.25206, -217, 100, 0, -100, 1.65149, '2020-07-16 15:30:20'),
(222, 2, 18, 'home', 1.6, 1.6, 1.56, 1.58, 209, -0.460446, -0.172016, -0.28843, 3.292, 0.449205, 2.816, 5.1828, 2.53529, -217, 100, 85.7143, -14.2857, 1.61247, '2020-07-16 15:30:20'),
(223, 3, 19, 'home', 2.49, 2.52, 2.49, 2.52, 212, -0.475802, -0.149897, -0.325904, 3.151, 0.347119, 2.706, 5.06488, 2.06171, -5, 92.8571, 78.5714, -14.2857, 2.3022, '2020-07-16 15:30:20'),
(224, 4, 20, 'home', 1.6, 1.6, 1.59, 1.59, 225, -0.556599, -0.184555, -0.372043, 2.908, 0.121262, 2.26, 4.39874, 1.67934, -230, 85.7143, 71.4286, -14.2857, 1.64986, '2020-07-16 15:30:20'),
(225, 5, 21, 'home', 2.7, 2.97, 2.69, 2.97, 152, -0.503472, -0.105144, -0.398329, 2.902, 0.736253, 2.048, 3.35975, 1.74748, -78, 78.5714, 64.2857, -14.2857, 2.64921, '2020-07-16 15:30:20'),
(226, 6, 22, 'home', 1.27, 1.31, 1.25, 1.3, 163, -0.589331, -0.152802, -0.436529, 2.639, 0.561797, 1.992, 3.4222, 1.72111, -241, 100, 57.1429, -42.8571, 1.50784, '2020-07-16 15:30:21'),
(227, 7, 23, 'home', 1.79, 1.81, 1.75, 1.81, 165, -0.6092, -0.138136, -0.471063, 2.427, 0.660219, 2.038, 3.41578, 1.74369, -76, 92.8571, 50, -42.8571, 1.80467, '2020-07-16 15:30:21'),
(228, 78, 24, 'home', 1.56, 1.58, 1.55, 1.58, 208, -0.636171, -0.132086, -0.504085, 2.278, 0.546543, 1.85, 3.15346, 1.64325, -284, 85.7143, 42.8571, -42.8571, 1.65714, '2020-07-16 15:30:21'),
(229, 79, 25, 'home', 2.52, 2.58, 2.52, 2.58, 213, -0.570281, -0.0529568, -0.517324, 2.154, 0.645046, 2.048, 3.45095, 1.81359, -71, 78.5714, 35.7143, -42.8571, 2.34648, '2020-07-16 15:30:21'),
(230, 80, 26, 'home', 1.59, 1.59, 1.58, 1.58, 225, -0.591931, -0.0596852, -0.532246, 1.909, 0.79491, 1.77, 2.74509, 1.82846, -296, 71.4286, 28.5714, -42.8571, 1.61853, '2020-07-16 15:30:21'),
(231, 81, 27, 'home', 2.7, 2.7, 2.7, 2.7, 152, -0.512802, 0.0155545, -0.528357, 2.021, 0.953278, 2.05, 3.14672, 2.0693, -144, 64.2857, 21.4286, -42.8571, 2.44937, '2020-07-16 15:30:21'),
(232, 82, 28, 'home', 1.27, 1.28, 1.26, 1.28, 163, -0.55824, -0.0239062, -0.534334, 1.991, 0.647111, 1.944, 3.24089, 2.00412, -307, 57.1429, 14.2857, -42.8571, 1.48085, '2020-07-16 15:30:21'),
(233, 83, 29, 'home', 1.79, 1.79, 1.79, 1.79, 165, -0.546793, -0.00996784, -0.536825, 1.918, 0.735272, 1.986, 3.23673, 1.92422, -142, 50, 7.14286, -42.8571, 1.80292, '2020-07-16 15:30:21'),
(234, 132, 30, 'home', 2.58, 2.65, 2.58, 2.65, 213, -0.46299, 0.0590683, -0.522058, 2.024, 0.714932, 2, 3.28507, 1.99387, 71, 42.8571, 0, -42.8571, 2.43384, '2020-07-16 15:30:21'),
(235, 133, 31, 'home', 1.58, 1.59, 1.58, 1.59, 225, -0.476614, 0.0363552, -0.51297, 1.886, 0.720173, 2.002, 3.28383, 1.98883, -154, 35.7143, 28.5714, -7.14286, 1.61618, '2020-07-16 15:30:21'),
(236, 134, 32, 'home', 2.7, 2.7, 2.7, 2.7, 152, -0.39331, 0.0957275, -0.489038, 2.026, 0.720173, 2.002, 3.28383, 2.13428, -2, 28.5714, 21.4286, -7.14286, 2.46129, '2020-07-16 15:30:21'),
(237, 135, 33, 'home', 1.26, 1.26, 1.26, 1.26, 163, -0.438433, 0.0404837, -0.478917, 1.971, 0.704833, 1.998, 3.29117, 2.02996, -165, 21.4286, 14.2857, -7.14286, 1.47788, '2020-07-16 15:30:21'),
(238, 136, 34, 'home', 1.79, 1.79, 1.74, 1.74, 165, -0.430499, 0.0387345, -0.469233, 1.987, 0.686048, 1.988, 3.28995, 1.89938, 0, 14.2857, 7.14286, -7.14286, 1.7822, '2020-07-16 15:30:21'),
(239, 158, 35, 'home', 2.72, 2.72, 2.72, 2.72, 152, -0.3412, 0.102427, -0.443626, 2.001, 0.663463, 2.002, 3.34054, 1.97418, 152, 7.14286, 0, -7.14286, 2.52515, '2020-07-16 15:30:21'),
(240, 159, 36, 'home', 1.25, 1.25, 1.25, 1.25, 163, -0.384613, 0.047211, -0.431824, 1.968, 0.462837, 1.934, 3.40516, 1.88836, -11, 100, 92.8571, -7.14286, 1.44462, '2020-07-16 15:30:21'),
(241, 160, 37, 'home', 1.78, 1.78, 1.78, 1.78, 165, -0.371964, 0.0478881, -0.419852, 1.876, 0.553338, 1.75, 2.94666, 1.79165, 154, 92.8571, 85.7143, -7.14286, 1.76997, '2020-07-16 15:30:21'),
(242, 188, 38, 'home', 1.61, 1.61, 1.61, 1.61, 105, -0.371376, 0.0387809, -0.410156, 1.909, 0.730505, 1.82, 2.9095, 1.68554, 49, 85.7143, 78.5714, -7.14286, 1.69784, '2020-07-16 15:30:21'),
(243, 189, 39, 'home', 1.76, 1.76, 1.76, 1.76, 105, -0.354717, 0.0443516, -0.399069, 1.906, 0.735827, 1.824, 2.91217, 1.65268, 154, 78.5714, 71.4286, -7.14286, 1.81022, '2020-07-16 15:30:21'),
(244, 197, 40, 'home', 1.53, 1.53, 1.53, 1.53, 105, -0.355971, 0.0344785, -0.390449, 1.794, 1.15644, 1.586, 2.01556, 1.57706, 49, 71.4286, 64.2857, -7.14286, 1.64533, '2020-07-16 15:30:21'),
(245, 198, 41, 'home', 2.35, 2.35, 2.35, 2.35, 105, -0.287483, 0.0823729, -0.369856, 1.87, 1.1631, 1.806, 2.4489, 1.73648, 154, 64.2857, 57.1429, -7.14286, 2.18912, '2020-07-16 15:30:21'),
(246, 199, 42, 'home', 1.6, 1.6, 1.6, 1.6, 105, -0.290377, 0.0635827, -0.35396, 1.76, 1.10022, 1.77, 2.43978, 1.80717, 49, 57.1429, 50, -7.14286, 1.67071, '2020-07-16 15:30:21'),
(247, 201, 43, 'home', 1.54, 1.55, 1.5, 1.5, 105, -0.297313, 0.0453175, -0.342631, 1.784, 1.04552, 1.748, 2.45048, 1.77943, -56, 50, 42.8571, -7.14286, 1.60487, '2020-07-16 15:30:21'),
(248, 202, 44, 'home', 2.35, 2.35, 2.35, 2.35, 105, -0.231553, 0.0888623, -0.320415, 1.845, 0.979366, 1.866, 2.75263, 1.8697, 49, 42.8571, 35.7143, -7.14286, 2.16242, '2020-07-16 15:30:21'),
(249, 203, 45, 'home', 1.6, 1.6, 1.6, 1.6, 105, -0.237221, 0.0665549, -0.303776, 1.733, 1.01803, 1.88, 2.74197, 1.88066, -56, 35.7143, 28.5714, -7.14286, 1.64768, '2020-07-16 15:30:21'),
(250, 228, 46, 'home', 1.5, 1.54, 1.5, 1.52, 105, -0.245341, 0.0467483, -0.292089, 1.76, 0.997118, 1.714, 2.43088, 1.78549, -161, 28.5714, 21.4286, -7.14286, 1.61115, '2020-07-16 15:30:21'),
(251, 229, 47, 'home', 2.35, 2.41, 2.31, 2.31, 105, -0.185887, 0.0849621, -0.270849, 1.813, 0.986908, 1.856, 2.72509, 1.84494, -56, 21.4286, 14.2857, -7.14286, 2.15276, '2020-07-16 15:30:21'),
(252, 230, 48, 'home', 1.6, 1.62, 1.6, 1.62, 105, -0.19223, 0.062895, -0.255125, 1.814, 1.05453, 1.88, 2.70547, 1.84938, -161, 14.2857, 7.14286, -7.14286, 1.6517, '2020-07-16 15:30:21'),
(253, 249, 49, 'home', 1.49, 1.5, 1.49, 1.5, 105, -0.204582, 0.0404345, -0.245016, 1.788, 1.03147, 1.71, 2.38853, 1.76007, -266, 7.14286, 0, -7.14286, 1.58475, '2020-07-16 15:30:21');

-- --------------------------------------------------------

--
-- Estrutura da tabela `flask_realOdds`
--

CREATE TABLE `flask_realOdds` (
  `oddID` int NOT NULL,
  `matchID` int DEFAULT NULL,
  `homeOdd` float NOT NULL,
  `drawOdd` float NOT NULL,
  `awayOdd` float NOT NULL,
  `volume` int NOT NULL,
  `capturedAt` datetime NOT NULL
) ENGINE=InnoDB DEFAULT CHARSET=utf8mb4 COLLATE=utf8mb4_0900_ai_ci;

--
-- Extraindo dados da tabela `flask_realOdds`
--

INSERT INTO `flask_realOdds` (`oddID`, `matchID`, `homeOdd`, `drawOdd`, `awayOdd`, `volume`, `capturedAt`) VALUES
(1, 17, 1.6, 4.02, 6.05, 210, '2020-07-14 13:33:07'),
(2, 18, 1.6, 3.82, 6.55, 209, '2020-07-14 13:33:07'),
(3, 19, 2.49, 3.12, 3.15, 212, '2020-07-14 13:33:07'),
(4, 20, 1.6, 4.32, 5.4, 225, '2020-07-14 13:33:07'),
(5, 21, 2.7, 3.08, 2.74, 152, '2020-07-14 13:33:08'),
(6, 22, 1.27, 5.65, 10.5, 163, '2020-07-14 13:33:08'),
(7, 23, 1.79, 3.68, 4.55, 165, '2020-07-14 13:33:08'),
(8, 17, 1.6, 4.02, 6.05, 210, '2020-07-14 13:34:05'),
(9, 18, 1.6, 3.82, 6.55, 209, '2020-07-14 13:34:05'),
(10, 19, 2.49, 3.12, 3.15, 212, '2020-07-14 13:34:06'),
(11, 20, 1.6, 4.32, 5.4, 225, '2020-07-14 13:34:06'),
(12, 21, 2.7, 3.08, 2.74, 152, '2020-07-14 13:34:06'),
(13, 22, 1.27, 5.65, 10.5, 163, '2020-07-14 13:34:06'),
(14, 23, 1.79, 3.68, 4.55, 165, '2020-07-14 13:34:07'),
(15, 17, 1.6, 4.02, 6.05, 210, '2020-07-14 13:35:06'),
(16, 18, 1.6, 3.82, 6.55, 209, '2020-07-14 13:35:07'),
(17, 19, 2.49, 3.12, 3.15, 212, '2020-07-14 13:35:07'),
(18, 20, 1.6, 4.32, 5.4, 225, '2020-07-14 13:35:07'),
(19, 21, 2.7, 3.08, 2.74, 152, '2020-07-14 13:35:08'),
(20, 22, 1.27, 5.65, 10.5, 163, '2020-07-14 13:35:08'),
(21, 23, 1.79, 3.68, 4.55, 165, '2020-07-14 13:35:08'),
(22, 17, 1.6, 4.02, 6.05, 210, '2020-07-14 13:36:07'),
(23, 18, 1.6, 3.82, 6.55, 209, '2020-07-14 13:36:07'),
(24, 19, 2.49, 3.12, 3.15, 212, '2020-07-14 13:36:08'),
(25, 20, 1.6, 4.32, 5.4, 225, '2020-07-14 13:36:08'),
(26, 21, 2.7, 3.08, 2.74, 152, '2020-07-14 13:36:08'),
(27, 22, 1.27, 5.65, 10.5, 163, '2020-07-14 13:36:08'),
(28, 23, 1.79, 3.68, 4.55, 165, '2020-07-14 13:36:09'),
(29, 17, 1.6, 4.02, 6.05, 210, '2020-07-14 13:37:07'),
(30, 18, 1.6, 3.82, 6.55, 209, '2020-07-14 13:37:07'),
(31, 19, 2.49, 3.12, 3.15, 212, '2020-07-14 13:37:07'),
(32, 20, 1.6, 4.32, 5.4, 225, '2020-07-14 13:37:08'),
(33, 21, 2.7, 3.08, 2.74, 152, '2020-07-14 13:37:08'),
(34, 22, 1.27, 5.65, 10.5, 163, '2020-07-14 13:37:08'),
(35, 23, 1.79, 3.68, 4.55, 165, '2020-07-14 13:37:08'),
(36, 17, 1.6, 4.02, 6.05, 210, '2020-07-14 14:15:09'),
(37, 18, 1.56, 3.9, 6.9, 209, '2020-07-14 14:15:10'),
(38, 19, 2.52, 3.12, 3.1, 213, '2020-07-14 14:15:10'),
(39, 20, 1.6, 4.32, 5.4, 225, '2020-07-14 14:15:10'),
(40, 21, 2.7, 3.08, 2.74, 152, '2020-07-14 14:15:11'),
(41, 22, 1.27, 5.65, 10.5, 163, '2020-07-14 14:15:11'),
(42, 23, 1.79, 3.68, 4.55, 165, '2020-07-14 14:15:12'),
(43, 17, 1.6, 4.02, 6.05, 210, '2020-07-14 14:30:09'),
(44, 18, 1.56, 3.9, 6.9, 209, '2020-07-14 14:30:09'),
(45, 19, 2.52, 3.12, 3.1, 213, '2020-07-14 14:30:10'),
(46, 20, 1.6, 4.32, 5.4, 225, '2020-07-14 14:30:10'),
(47, 21, 2.7, 3.08, 2.74, 152, '2020-07-14 14:30:11'),
(48, 22, 1.27, 5.65, 10.5, 163, '2020-07-14 14:30:11'),
(49, 23, 1.79, 3.68, 4.55, 165, '2020-07-14 14:30:11'),
(50, 17, 1.59, 4.02, 6.15, 210, '2020-07-14 14:45:12'),
(51, 18, 1.56, 3.9, 6.9, 209, '2020-07-14 14:45:13'),
(52, 19, 2.52, 3.12, 3.1, 213, '2020-07-14 14:45:14'),
(53, 20, 1.6, 4.32, 5.4, 225, '2020-07-14 14:45:14'),
(54, 21, 2.7, 3.08, 2.74, 152, '2020-07-14 14:45:15'),
(55, 22, 1.27, 5.65, 10.5, 163, '2020-07-14 14:45:15'),
(56, 23, 1.79, 3.68, 4.55, 165, '2020-07-14 14:45:16'),
(57, 17, 1.59, 4.02, 6.15, 210, '2020-07-14 15:00:10'),
(58, 18, 1.58, 3.85, 6.85, 209, '2020-07-14 15:00:11'),
(59, 19, 2.52, 3.12, 3.1, 213, '2020-07-14 15:00:11'),
(60, 20, 1.6, 4.32, 5.4, 225, '2020-07-14 15:00:11'),
(61, 21, 2.7, 3.08, 2.74, 152, '2020-07-14 15:00:12'),
(62, 22, 1.27, 5.65, 10.5, 163, '2020-07-14 15:00:12'),
(63, 23, 1.79, 3.68, 4.55, 165, '2020-07-14 15:00:13'),
(64, 17, 1.58, 4.02, 6.25, 210, '2020-07-14 15:30:09'),
(65, 18, 1.58, 3.85, 6.85, 209, '2020-07-14 15:30:09'),
(66, 19, 2.52, 3.12, 3.1, 213, '2020-07-14 15:30:09'),
(67, 20, 1.59, 4.37, 5.45, 225, '2020-07-14 15:30:10'),
(68, 21, 2.7, 3.08, 2.74, 152, '2020-07-14 15:30:10'),
(69, 22, 1.27, 5.65, 10.5, 163, '2020-07-14 15:30:10'),
(70, 23, 1.79, 3.68, 4.55, 165, '2020-07-14 15:30:11'),
(71, 17, 1.58, 4.02, 6.25, 210, '2020-07-14 15:45:10'),
(72, 18, 1.58, 3.85, 6.85, 209, '2020-07-14 15:45:10'),
(73, 19, 2.52, 3.12, 3.1, 213, '2020-07-14 15:45:10'),
(74, 20, 1.59, 4.37, 5.45, 225, '2020-07-14 15:45:11'),
(75, 21, 2.7, 3.08, 2.74, 152, '2020-07-14 15:45:11'),
(76, 22, 1.27, 5.65, 10.5, 163, '2020-07-14 15:45:11'),
(77, 23, 1.79, 3.68, 4.55, 165, '2020-07-14 15:45:12'),
(78, 24, 1.56, 3.9, 7.05, 208, '2020-07-14 16:00:09'),
(79, 25, 2.52, 3.12, 3.1, 213, '2020-07-14 16:00:09'),
(80, 26, 1.59, 4.37, 5.45, 225, '2020-07-14 16:00:09'),
(81, 27, 2.7, 3.08, 2.74, 152, '2020-07-14 16:00:09'),
(82, 28, 1.27, 5.65, 10.5, 163, '2020-07-14 16:00:09'),
(83, 29, 1.79, 3.68, 4.55, 165, '2020-07-14 16:00:09'),
(84, 24, 1.55, 3.92, 7.2, 208, '2020-07-14 16:15:09'),
(85, 25, 2.52, 3.12, 3.1, 213, '2020-07-14 16:15:09'),
(86, 26, 1.58, 4.42, 5.55, 225, '2020-07-14 16:15:09'),
(87, 27, 2.7, 3.08, 2.74, 152, '2020-07-14 16:15:10'),
(88, 28, 1.27, 5.65, 10.5, 163, '2020-07-14 16:15:10'),
(89, 29, 1.79, 3.68, 4.55, 165, '2020-07-14 16:15:11'),
(90, 24, 1.55, 3.92, 7.2, 208, '2020-07-14 16:30:08'),
(91, 25, 2.55, 3.1, 3.07, 213, '2020-07-14 16:30:08'),
(92, 26, 1.58, 4.42, 5.55, 225, '2020-07-14 16:30:09'),
(93, 27, 2.7, 3.08, 2.74, 152, '2020-07-14 16:30:09'),
(94, 28, 1.27, 5.65, 10.5, 163, '2020-07-14 16:30:09'),
(95, 29, 1.79, 3.68, 4.55, 165, '2020-07-14 16:30:10'),
(96, 24, 1.55, 3.92, 7.2, 208, '2020-07-14 16:45:08'),
(97, 25, 2.55, 3.1, 3.07, 213, '2020-07-14 16:45:08'),
(98, 26, 1.58, 4.42, 5.55, 225, '2020-07-14 16:45:09'),
(99, 27, 2.7, 3.08, 2.74, 152, '2020-07-14 16:45:09'),
(100, 28, 1.27, 5.65, 10.5, 163, '2020-07-14 16:45:10'),
(101, 29, 1.79, 3.68, 4.55, 165, '2020-07-14 16:45:10'),
(102, 24, 1.55, 3.92, 7.05, 208, '2020-07-14 17:00:08'),
(103, 25, 2.55, 3.1, 3.07, 213, '2020-07-14 17:00:08'),
(104, 26, 1.58, 4.42, 5.55, 225, '2020-07-14 17:00:09'),
(105, 27, 2.7, 3.08, 2.74, 152, '2020-07-14 17:00:09'),
(106, 28, 1.27, 5.65, 10.5, 163, '2020-07-14 17:00:09'),
(107, 29, 1.79, 3.68, 4.55, 165, '2020-07-14 17:00:10'),
(108, 24, 1.55, 3.92, 7.05, 208, '2020-07-14 17:15:14'),
(109, 25, 2.58, 3.1, 3.02, 213, '2020-07-14 17:15:15'),
(110, 26, 1.58, 4.42, 5.55, 225, '2020-07-14 17:15:16'),
(111, 27, 2.7, 3.08, 2.74, 152, '2020-07-14 17:15:16'),
(112, 28, 1.27, 5.65, 10.5, 163, '2020-07-14 17:15:17'),
(113, 29, 1.79, 3.68, 4.55, 165, '2020-07-14 17:15:17'),
(114, 24, 1.55, 3.92, 7.05, 208, '2020-07-14 17:30:10'),
(115, 25, 2.58, 3.1, 3.02, 213, '2020-07-14 17:30:10'),
(116, 26, 1.58, 4.42, 5.55, 225, '2020-07-14 17:30:10'),
(117, 27, 2.7, 3.08, 2.74, 152, '2020-07-14 17:30:11'),
(118, 28, 1.27, 5.65, 10.5, 163, '2020-07-14 17:30:11'),
(119, 29, 1.79, 3.68, 4.55, 165, '2020-07-14 17:30:11'),
(120, 24, 1.57, 3.85, 6.95, 209, '2020-07-14 17:45:09'),
(121, 25, 2.58, 3.1, 3.02, 213, '2020-07-14 17:45:09'),
(122, 26, 1.58, 4.42, 5.55, 225, '2020-07-14 17:45:10'),
(123, 27, 2.7, 3.08, 2.74, 152, '2020-07-14 17:45:10'),
(124, 28, 1.26, 5.7, 10.75, 163, '2020-07-14 17:45:11'),
(125, 29, 1.79, 3.68, 4.55, 165, '2020-07-14 17:45:11'),
(126, 24, 1.58, 3.8, 6.85, 209, '2020-07-14 18:01:39'),
(127, 25, 2.58, 3.1, 3.02, 213, '2020-07-14 18:01:39'),
(128, 26, 1.58, 4.42, 5.55, 225, '2020-07-14 18:01:40'),
(129, 27, 2.7, 3.08, 2.74, 152, '2020-07-14 18:01:40'),
(130, 28, 1.26, 5.7, 10.75, 163, '2020-07-14 18:01:40'),
(131, 29, 1.79, 3.68, 4.55, 165, '2020-07-14 18:01:41'),
(132, 30, 2.58, 3.1, 3.02, 213, '2020-07-14 18:15:09'),
(133, 31, 1.58, 4.42, 5.55, 225, '2020-07-14 18:15:09'),
(134, 32, 2.7, 3.08, 2.74, 152, '2020-07-14 18:15:09'),
(135, 33, 1.26, 5.7, 10.75, 163, '2020-07-14 18:15:10'),
(136, 34, 1.79, 3.68, 4.55, 165, '2020-07-14 18:15:10'),
(137, 30, 2.58, 3.1, 3.02, 213, '2020-07-14 18:30:09'),
(138, 31, 1.59, 4.4, 5.45, 225, '2020-07-14 18:30:09'),
(139, 32, 2.7, 3.08, 2.74, 152, '2020-07-14 18:30:09'),
(140, 33, 1.26, 5.7, 10.75, 163, '2020-07-14 18:30:10'),
(141, 34, 1.79, 3.68, 4.55, 165, '2020-07-14 18:30:10'),
(142, 30, 2.61, 3.1, 2.99, 213, '2020-07-14 19:35:56'),
(143, 31, 1.59, 4.4, 5.45, 225, '2020-07-14 19:35:58'),
(144, 32, 2.7, 3.08, 2.74, 152, '2020-07-14 19:35:59'),
(145, 33, 1.26, 5.7, 10.75, 163, '2020-07-14 19:35:59'),
(146, 34, 1.79, 3.63, 4.62, 165, '2020-07-14 19:35:59'),
(147, 30, 2.65, 3.07, 2.97, 213, '2020-07-14 19:45:07'),
(148, 31, 1.59, 4.4, 5.45, 225, '2020-07-14 19:45:07'),
(149, 32, 2.7, 3.08, 2.74, 152, '2020-07-14 19:45:07'),
(150, 33, 1.26, 5.7, 10.75, 163, '2020-07-14 19:45:08'),
(151, 34, 1.79, 3.63, 4.62, 165, '2020-07-14 19:45:08'),
(152, 21, 2.7, 3.08, 2.74, 152, '2020-07-14 23:22:30'),
(153, 22, 1.26, 5.75, 11, 163, '2020-07-14 23:22:30'),
(154, 23, 1.75, 3.68, 4.85, 165, '2020-07-14 23:22:31'),
(155, 21, 2.69, 3.07, 2.76, 152, '2020-07-15 06:36:29'),
(156, 22, 1.25, 5.9, 11.25, 163, '2020-07-15 06:36:29'),
(157, 23, 1.75, 3.68, 4.85, 165, '2020-07-15 06:36:30'),
(158, 35, 2.72, 3.07, 2.72, 152, '2020-07-15 06:50:11'),
(159, 36, 1.25, 5.9, 11.25, 163, '2020-07-15 06:50:11'),
(160, 37, 1.78, 3.58, 4.8, 165, '2020-07-15 07:26:37'),
(161, 21, 2.84, 3.1, 2.74, 205, '2020-07-15 10:21:26'),
(162, 22, 1.31, 5.75, 9.75, 215, '2020-07-15 10:21:26'),
(163, 23, 1.81, 3.67, 5.15, 216, '2020-07-15 10:21:26'),
(164, 21, 2.84, 3.1, 2.74, 205, '2020-07-15 10:30:07'),
(165, 22, 1.31, 5.75, 9.75, 215, '2020-07-15 10:30:08'),
(166, 23, 1.81, 3.67, 5.15, 216, '2020-07-15 10:30:08'),
(167, 21, 2.84, 3.1, 2.74, 205, '2020-07-15 10:45:08'),
(168, 22, 1.31, 5.75, 9.75, 215, '2020-07-15 10:45:08'),
(169, 23, 1.81, 3.67, 5.15, 215, '2020-07-15 10:45:08'),
(170, 21, 2.84, 3.1, 2.74, 205, '2020-07-15 11:00:10'),
(171, 22, 1.31, 5.75, 9.75, 215, '2020-07-15 11:00:10'),
(172, 23, 1.81, 3.67, 5.15, 216, '2020-07-15 11:00:10'),
(173, 21, 2.88, 3.1, 2.7, 205, '2020-07-15 11:15:08'),
(174, 22, 1.31, 5.75, 9.75, 215, '2020-07-15 11:15:09'),
(175, 23, 1.81, 3.67, 5.15, 216, '2020-07-15 11:15:10'),
(176, 21, 2.88, 3.1, 2.7, 205, '2020-07-15 11:30:10'),
(177, 22, 1.31, 5.75, 9.95, 215, '2020-07-15 11:30:10'),
(178, 23, 1.81, 3.67, 5.15, 216, '2020-07-15 11:30:11'),
(179, 21, 2.88, 3.1, 2.7, 205, '2020-07-15 11:48:46'),
(180, 22, 1.31, 5.75, 9.95, 215, '2020-07-15 11:48:47'),
(181, 23, 1.81, 3.67, 5.15, 216, '2020-07-15 11:48:47'),
(182, 21, 2.88, 3.1, 2.7, 205, '2020-07-15 12:00:09'),
(183, 22, 1.3, 5.8, 10.25, 215, '2020-07-15 12:00:10'),
(184, 23, 1.81, 3.67, 5.15, 216, '2020-07-15 12:00:10'),
(185, 21, 2.88, 3.1, 2.7, 205, '2020-07-15 12:15:10'),
(186, 22, 1.29, 5.85, 10.5, 215, '2020-07-15 12:15:10'),
(187, 23, 1.81, 3.67, 5.15, 216, '2020-07-15 12:15:11'),
(188, 38, 1.61, 3.72, 5.35, 105, '2020-07-15 12:15:12'),
(189, 39, 1.76, 3.53, 4.4, 105, '2020-07-15 12:15:12'),
(190, 21, 2.97, 3.1, 2.62, 205, '2020-07-15 12:30:09'),
(191, 22, 1.3, 5.75, 10.25, 215, '2020-07-15 12:30:10'),
(192, 23, 1.81, 3.67, 5.15, 216, '2020-07-15 12:30:10'),
(193, 38, 1.61, 3.72, 5.35, 105, '2020-07-15 12:30:11'),
(194, 39, 1.76, 3.53, 4.4, 105, '2020-07-15 12:30:11'),
(195, 28, 1.28, 6, 10.75, 215, '2020-07-15 18:00:10'),
(196, 29, 1.79, 3.7, 5.25, 216, '2020-07-15 18:00:10'),
(197, 40, 1.53, 3.88, 5.95, 105, '2020-07-15 18:00:11'),
(198, 41, 2.35, 3.03, 3.08, 105, '2020-07-15 18:00:11'),
(199, 42, 1.6, 3.93, 4.98, 105, '2020-07-15 18:00:11'),
(200, 34, 1.79, 3.7, 5.25, 216, '2020-07-15 18:15:08'),
(201, 43, 1.54, 3.93, 6.05, 105, '2020-07-15 18:15:09'),
(202, 44, 2.35, 3.03, 3.08, 105, '2020-07-15 18:15:09'),
(203, 45, 1.6, 3.93, 4.98, 105, '2020-07-15 18:15:09'),
(204, 34, 1.79, 3.7, 5.25, 216, '2020-07-15 18:30:06'),
(205, 43, 1.55, 3.87, 6.05, 105, '2020-07-15 18:30:07'),
(206, 44, 2.35, 3.03, 3.08, 105, '2020-07-15 18:30:07'),
(207, 45, 1.6, 3.93, 4.98, 105, '2020-07-15 18:30:07'),
(208, 34, 1.79, 3.7, 5.25, 216, '2020-07-15 18:46:32'),
(209, 43, 1.55, 3.87, 6.05, 105, '2020-07-15 18:46:32'),
(210, 44, 2.35, 3.03, 3.08, 105, '2020-07-15 18:46:33'),
(211, 45, 1.6, 3.93, 4.98, 105, '2020-07-15 18:46:33'),
(212, 34, 1.79, 3.7, 5.25, 216, '2020-07-15 19:02:15'),
(213, 43, 1.55, 3.87, 6.05, 105, '2020-07-15 19:02:15'),
(214, 44, 2.35, 3.03, 3.08, 105, '2020-07-15 19:02:16'),
(215, 45, 1.6, 3.93, 4.98, 105, '2020-07-15 19:02:16'),
(216, 34, 1.79, 3.7, 5.25, 216, '2020-07-15 19:15:07'),
(217, 43, 1.55, 3.87, 6.05, 105, '2020-07-15 19:15:08'),
(218, 44, 2.35, 3.03, 3.08, 105, '2020-07-15 19:15:08'),
(219, 45, 1.6, 3.93, 4.98, 105, '2020-07-15 19:15:08'),
(220, 34, 1.77, 3.75, 5.3, 216, '2020-07-15 19:48:07'),
(221, 43, 1.5, 4.02, 6.45, 105, '2020-07-15 19:48:07'),
(222, 44, 2.35, 3.03, 3.08, 105, '2020-07-15 19:48:08'),
(223, 45, 1.6, 3.93, 4.98, 105, '2020-07-15 19:48:08'),
(224, 34, 1.74, 3.82, 5.5, 216, '2020-07-15 20:44:14'),
(225, 43, 1.5, 4.02, 6.45, 105, '2020-07-15 20:44:15'),
(226, 44, 2.35, 3.03, 3.08, 105, '2020-07-15 20:44:15'),
(227, 45, 1.6, 3.93, 4.98, 105, '2020-07-15 20:44:15'),
(228, 46, 1.5, 4.02, 6.45, 105, '2020-07-15 20:45:08'),
(229, 47, 2.35, 3.03, 3.08, 105, '2020-07-15 20:45:08'),
(230, 48, 1.6, 3.93, 4.98, 105, '2020-07-15 20:45:08'),
(231, 46, 1.5, 4.02, 6.45, 105, '2020-07-15 21:00:10'),
(232, 47, 2.35, 3.03, 3.08, 105, '2020-07-15 21:00:11'),
(233, 48, 1.6, 3.93, 4.98, 105, '2020-07-15 21:00:11'),
(234, 46, 1.5, 4.02, 6.45, 105, '2020-07-15 21:15:09'),
(235, 47, 2.35, 3.03, 3.08, 105, '2020-07-15 21:15:10'),
(236, 48, 1.61, 3.87, 5, 105, '2020-07-15 21:15:10'),
(237, 46, 1.5, 4.02, 6.45, 105, '2020-07-15 21:30:09'),
(238, 47, 2.35, 3.03, 3.08, 105, '2020-07-15 21:30:09'),
(239, 48, 1.61, 3.87, 5, 105, '2020-07-15 21:30:10'),
(240, 46, 1.5, 4.02, 6.45, 105, '2020-07-15 21:45:11'),
(241, 47, 2.35, 3.03, 3.08, 105, '2020-07-15 21:45:11'),
(242, 48, 1.61, 3.87, 5, 105, '2020-07-15 21:45:12'),
(243, 46, 1.5, 4.02, 6.45, 105, '2020-07-15 22:00:07'),
(244, 47, 2.35, 3.03, 3.08, 105, '2020-07-15 22:00:07'),
(245, 48, 1.61, 3.87, 5, 105, '2020-07-15 22:00:08'),
(246, 46, 1.5, 4.02, 6.45, 105, '2020-07-15 22:15:07'),
(247, 47, 2.35, 3.03, 3.08, 105, '2020-07-15 22:15:08'),
(248, 48, 1.61, 3.87, 5, 105, '2020-07-15 22:15:09'),
(249, 49, 1.49, 4.05, 6.55, 105, '2020-07-15 22:15:09'),
(250, 46, 1.5, 4.02, 6.45, 105, '2020-07-15 22:30:10'),
(251, 49, 1.49, 4.05, 6.55, 105, '2020-07-15 22:30:10'),
(252, 47, 2.35, 3.03, 3.08, 105, '2020-07-15 22:30:10'),
(253, 48, 1.61, 3.87, 5, 105, '2020-07-15 22:30:11'),
(254, 46, 1.5, 4.02, 6.45, 105, '2020-07-15 22:45:06'),
(255, 49, 1.49, 4.05, 6.55, 105, '2020-07-15 22:45:07'),
(256, 47, 2.35, 3.03, 3.08, 105, '2020-07-15 22:45:07'),
(257, 48, 1.61, 3.87, 5, 105, '2020-07-15 22:45:08'),
(258, 46, 1.5, 4.02, 6.45, 105, '2020-07-15 23:00:07'),
(259, 49, 1.49, 4.05, 6.55, 105, '2020-07-15 23:00:07'),
(260, 47, 2.35, 3.03, 3.08, 105, '2020-07-15 23:00:08'),
(261, 48, 1.61, 3.87, 5, 105, '2020-07-15 23:00:08'),
(262, 46, 1.5, 4.02, 6.45, 105, '2020-07-15 23:15:08'),
(263, 49, 1.49, 4.05, 6.55, 105, '2020-07-15 23:15:08'),
(264, 47, 2.35, 3.03, 3.08, 105, '2020-07-15 23:15:09'),
(265, 48, 1.61, 3.87, 5, 105, '2020-07-15 23:15:09'),
(266, 46, 1.5, 4.02, 6.45, 105, '2020-07-15 23:30:10'),
(267, 49, 1.5, 4.03, 6.45, 105, '2020-07-15 23:30:12'),
(268, 47, 2.35, 3.03, 3.08, 105, '2020-07-15 23:30:13'),
(269, 48, 1.61, 3.87, 5, 105, '2020-07-15 23:30:13'),
(270, 46, 1.5, 4.02, 6.45, 105, '2020-07-15 23:45:09'),
(271, 49, 1.5, 4.03, 6.45, 105, '2020-07-15 23:45:09'),
(272, 47, 2.35, 3.03, 3.08, 105, '2020-07-15 23:45:10'),
(273, 48, 1.61, 3.87, 5, 105, '2020-07-15 23:45:11'),
(274, 46, 1.5, 4.02, 6.45, 105, '2020-07-16 00:00:11'),
(275, 49, 1.5, 4.03, 6.45, 105, '2020-07-16 00:00:11'),
(276, 47, 2.35, 3.03, 3.08, 105, '2020-07-16 00:00:12'),
(277, 48, 1.61, 3.87, 5, 105, '2020-07-16 00:00:12'),
(278, 46, 1.5, 4.02, 6.45, 105, '2020-07-16 00:15:07'),
(279, 49, 1.5, 4.03, 6.45, 105, '2020-07-16 00:15:08'),
(280, 47, 2.35, 3.03, 3.08, 105, '2020-07-16 00:15:08'),
(281, 48, 1.61, 3.87, 5, 105, '2020-07-16 00:15:08'),
(282, 46, 1.5, 4.02, 6.45, 105, '2020-07-16 00:30:09'),
(283, 49, 1.5, 4.03, 6.45, 105, '2020-07-16 00:30:10'),
(284, 47, 2.35, 3.03, 3.08, 105, '2020-07-16 00:30:10'),
(285, 48, 1.61, 3.87, 5, 105, '2020-07-16 00:30:10'),
(286, 46, 1.5, 4.02, 6.45, 105, '2020-07-16 01:00:09'),
(287, 49, 1.5, 4.03, 6.45, 105, '2020-07-16 01:00:09'),
(288, 47, 2.35, 3.03, 3.08, 105, '2020-07-16 01:00:10'),
(289, 48, 1.61, 3.87, 5, 105, '2020-07-16 01:00:10'),
(290, 46, 1.5, 4.02, 6.45, 105, '2020-07-16 01:15:11'),
(291, 49, 1.5, 4.03, 6.45, 105, '2020-07-16 01:15:11'),
(292, 47, 2.35, 3.03, 3.08, 105, '2020-07-16 01:15:12'),
(293, 48, 1.61, 3.87, 5, 105, '2020-07-16 01:15:12'),
(294, 46, 1.5, 4.02, 6.45, 105, '2020-07-16 01:30:12'),
(295, 49, 1.5, 4.03, 6.45, 105, '2020-07-16 01:30:12'),
(296, 47, 2.35, 3.03, 3.08, 105, '2020-07-16 01:30:13'),
(297, 48, 1.61, 3.87, 5, 105, '2020-07-16 01:30:13'),
(298, 46, 1.5, 4.02, 6.45, 105, '2020-07-16 01:45:12'),
(299, 49, 1.5, 4.03, 6.45, 105, '2020-07-16 01:45:13'),
(300, 47, 2.35, 3.03, 3.08, 105, '2020-07-16 01:45:13'),
(301, 48, 1.61, 3.87, 5, 105, '2020-07-16 01:45:14'),
(302, 46, 1.5, 4.02, 6.45, 105, '2020-07-16 02:00:09'),
(303, 49, 1.5, 4.03, 6.45, 105, '2020-07-16 02:00:09'),
(304, 47, 2.35, 3.03, 3.08, 105, '2020-07-16 02:00:10'),
(305, 48, 1.61, 3.87, 5, 105, '2020-07-16 02:00:10'),
(306, 46, 1.5, 4.02, 6.45, 105, '2020-07-16 02:15:09'),
(307, 49, 1.5, 4.03, 6.45, 105, '2020-07-16 02:15:10'),
(308, 47, 2.35, 3.03, 3.08, 105, '2020-07-16 02:15:10'),
(309, 48, 1.61, 3.87, 5, 105, '2020-07-16 02:15:10'),
(310, 46, 1.5, 4.02, 6.45, 105, '2020-07-16 02:30:11'),
(311, 49, 1.5, 4.03, 6.45, 105, '2020-07-16 02:30:11'),
(312, 47, 2.35, 3.03, 3.08, 105, '2020-07-16 02:30:11'),
(313, 48, 1.61, 3.87, 5, 105, '2020-07-16 02:30:12'),
(314, 46, 1.5, 4.02, 6.45, 105, '2020-07-16 03:15:14'),
(315, 49, 1.5, 4.03, 6.45, 105, '2020-07-16 03:15:15'),
(316, 47, 2.38, 3.03, 3.03, 105, '2020-07-16 03:15:15'),
(317, 48, 1.61, 3.87, 5, 105, '2020-07-16 03:15:16'),
(318, 46, 1.5, 4.02, 6.45, 105, '2020-07-16 03:30:09'),
(319, 49, 1.5, 4.03, 6.45, 105, '2020-07-16 03:30:10'),
(320, 47, 2.38, 3.03, 3.03, 105, '2020-07-16 03:30:10'),
(321, 48, 1.61, 3.87, 5, 105, '2020-07-16 03:30:11'),
(322, 46, 1.5, 4.02, 6.45, 105, '2020-07-16 03:45:09'),
(323, 49, 1.5, 4.03, 6.45, 105, '2020-07-16 03:45:09'),
(324, 47, 2.38, 3.03, 3.03, 105, '2020-07-16 03:45:09'),
(325, 48, 1.61, 3.87, 5, 105, '2020-07-16 03:45:10'),
(326, 46, 1.5, 4.02, 6.45, 105, '2020-07-16 04:00:09'),
(327, 49, 1.5, 4.03, 6.45, 105, '2020-07-16 04:00:10'),
(328, 47, 2.38, 3.03, 3.03, 105, '2020-07-16 04:00:10'),
(329, 48, 1.61, 3.87, 5, 105, '2020-07-16 04:00:10'),
(330, 46, 1.5, 4.02, 6.45, 105, '2020-07-16 04:28:19'),
(331, 49, 1.5, 4.03, 6.45, 105, '2020-07-16 04:28:20'),
(332, 47, 2.38, 3.03, 3.03, 105, '2020-07-16 04:28:20'),
(333, 48, 1.61, 3.87, 5, 105, '2020-07-16 04:28:21'),
(334, 46, 1.5, 4.02, 6.45, 105, '2020-07-16 04:49:16'),
(335, 49, 1.5, 4.03, 6.45, 105, '2020-07-16 04:49:17'),
(336, 47, 2.38, 3.03, 3.03, 105, '2020-07-16 04:49:18'),
(337, 48, 1.61, 3.87, 5, 105, '2020-07-16 04:49:18'),
(338, 46, 1.5, 4.02, 6.45, 105, '2020-07-16 05:00:07'),
(339, 49, 1.5, 4.03, 6.45, 105, '2020-07-16 05:00:08'),
(340, 47, 2.38, 3.03, 3.03, 105, '2020-07-16 05:00:08'),
(341, 48, 1.61, 3.87, 5, 105, '2020-07-16 05:00:08'),
(342, 46, 1.5, 4.02, 6.45, 105, '2020-07-16 05:49:36'),
(343, 49, 1.5, 4.03, 6.45, 105, '2020-07-16 05:49:37'),
(344, 47, 2.38, 3.03, 3.03, 105, '2020-07-16 05:49:37'),
(345, 48, 1.61, 3.87, 5, 105, '2020-07-16 05:49:38'),
(346, 46, 1.52, 3.95, 6.35, 105, '2020-07-16 06:13:43'),
(347, 49, 1.5, 4.03, 6.45, 105, '2020-07-16 06:13:43'),
(348, 47, 2.38, 3.03, 3.03, 105, '2020-07-16 06:13:44'),
(349, 48, 1.61, 3.87, 5, 105, '2020-07-16 06:13:44'),
(350, 46, 1.52, 3.95, 6.35, 105, '2020-07-16 06:34:15'),
(351, 49, 1.5, 4.03, 6.45, 105, '2020-07-16 06:34:16'),
(352, 47, 2.38, 3.03, 3.03, 105, '2020-07-16 06:34:16'),
(353, 48, 1.61, 3.87, 5, 105, '2020-07-16 06:34:16'),
(354, 46, 1.52, 3.95, 6.35, 105, '2020-07-16 06:55:07'),
(355, 49, 1.5, 4.03, 6.45, 105, '2020-07-16 06:55:07'),
(356, 47, 2.38, 3.03, 3.03, 105, '2020-07-16 06:55:08'),
(357, 48, 1.61, 3.87, 5, 105, '2020-07-16 06:55:08'),
(358, 46, 1.52, 3.95, 6.35, 105, '2020-07-16 07:16:16'),
(359, 49, 1.5, 4.03, 6.45, 105, '2020-07-16 07:16:17'),
(360, 47, 2.38, 3.03, 3.03, 105, '2020-07-16 07:16:17'),
(361, 48, 1.61, 3.87, 5, 105, '2020-07-16 07:16:18'),
(362, 46, 1.52, 3.95, 6.35, 105, '2020-07-16 07:59:18'),
(363, 49, 1.5, 4.03, 6.45, 105, '2020-07-16 07:59:18'),
(364, 47, 2.38, 3.03, 3.03, 105, '2020-07-16 07:59:18'),
(365, 48, 1.61, 3.87, 5, 105, '2020-07-16 07:59:19'),
(366, 46, 1.54, 3.88, 6.15, 105, '2020-07-16 08:15:42'),
(367, 49, 1.5, 4.03, 6.45, 105, '2020-07-16 08:15:43'),
(368, 47, 2.38, 3.03, 3.03, 105, '2020-07-16 08:15:44'),
(369, 48, 1.61, 3.87, 5, 105, '2020-07-16 08:15:44'),
(370, 46, 1.54, 3.88, 6.15, 105, '2020-07-16 09:15:18'),
(371, 49, 1.5, 4.03, 6.45, 105, '2020-07-16 09:15:18'),
(372, 47, 2.41, 3.02, 2.99, 105, '2020-07-16 09:15:19'),
(373, 48, 1.61, 3.87, 5, 105, '2020-07-16 09:15:19'),
(374, 46, 1.54, 3.88, 6.15, 105, '2020-07-16 09:36:12'),
(375, 49, 1.5, 4.03, 6.45, 105, '2020-07-16 09:36:12'),
(376, 47, 2.41, 3.02, 2.99, 105, '2020-07-16 09:36:13'),
(377, 48, 1.61, 3.87, 5, 105, '2020-07-16 09:36:13'),
(378, 46, 1.54, 3.88, 6.15, 105, '2020-07-16 09:51:00'),
(379, 49, 1.5, 4.03, 6.45, 105, '2020-07-16 09:51:00'),
(380, 47, 2.41, 3.02, 2.99, 105, '2020-07-16 09:51:00'),
(381, 48, 1.61, 3.87, 5, 105, '2020-07-16 09:51:01'),
(382, 46, 1.54, 3.88, 6.15, 105, '2020-07-16 10:10:23'),
(383, 49, 1.5, 4.03, 6.45, 105, '2020-07-16 10:11:59'),
(384, 47, 2.41, 3.02, 2.99, 105, '2020-07-16 10:12:01'),
(385, 48, 1.61, 3.87, 5, 105, '2020-07-16 10:12:02'),
(386, 46, 1.54, 3.88, 6.15, 105, '2020-07-16 10:15:08'),
(387, 49, 1.5, 4.03, 6.45, 105, '2020-07-16 10:15:09'),
(388, 47, 2.41, 3.02, 2.99, 105, '2020-07-16 10:15:09'),
(389, 48, 1.61, 3.87, 5, 105, '2020-07-16 10:15:10'),
(390, 46, 1.54, 3.88, 6.15, 105, '2020-07-16 10:30:10'),
(391, 49, 1.5, 4.03, 6.45, 105, '2020-07-16 10:30:10'),
(392, 47, 2.41, 3.02, 2.99, 105, '2020-07-16 10:30:11'),
(393, 48, 1.61, 3.87, 5, 105, '2020-07-16 10:30:11'),
(394, 46, 1.54, 3.88, 6.15, 105, '2020-07-16 10:45:09'),
(395, 49, 1.5, 4.03, 6.45, 105, '2020-07-16 10:45:09'),
(396, 47, 2.41, 3.02, 2.99, 105, '2020-07-16 10:45:09'),
(397, 48, 1.62, 3.82, 4.95, 105, '2020-07-16 10:45:10'),
(398, 46, 1.54, 3.88, 6.15, 105, '2020-07-16 11:00:08'),
(399, 49, 1.5, 4.03, 6.45, 105, '2020-07-16 11:00:08'),
(400, 47, 2.41, 3.02, 2.99, 105, '2020-07-16 11:00:09'),
(401, 48, 1.62, 3.82, 4.95, 105, '2020-07-16 11:00:10'),
(402, 46, 1.54, 3.88, 6.15, 105, '2020-07-16 11:15:09'),
(403, 49, 1.5, 4.03, 6.45, 105, '2020-07-16 11:15:09'),
(404, 47, 2.41, 3.02, 2.99, 105, '2020-07-16 11:15:10'),
(405, 48, 1.62, 3.82, 4.95, 105, '2020-07-16 11:15:10'),
(406, 46, 1.54, 3.88, 6.15, 105, '2020-07-16 11:30:09'),
(407, 49, 1.5, 4.03, 6.45, 105, '2020-07-16 11:30:10'),
(408, 47, 2.41, 3.02, 2.99, 105, '2020-07-16 11:30:10'),
(409, 48, 1.62, 3.82, 4.95, 105, '2020-07-16 11:30:11'),
(410, 46, 1.54, 3.88, 6.15, 105, '2020-07-16 11:45:08'),
(411, 49, 1.5, 4.03, 6.45, 105, '2020-07-16 11:45:09'),
(412, 47, 2.41, 3.02, 2.99, 105, '2020-07-16 11:45:09'),
(413, 48, 1.62, 3.82, 4.95, 105, '2020-07-16 11:45:10'),
(414, 46, 1.52, 3.93, 6.4, 105, '2020-07-16 12:00:08'),
(415, 49, 1.5, 4.03, 6.45, 105, '2020-07-16 12:00:08'),
(416, 47, 2.41, 3.02, 2.99, 105, '2020-07-16 12:00:09'),
(417, 48, 1.62, 3.82, 4.95, 105, '2020-07-16 12:00:09'),
(418, 46, 1.52, 3.93, 6.4, 105, '2020-07-16 12:15:09'),
(419, 49, 1.5, 4.03, 6.45, 105, '2020-07-16 12:15:09'),
(420, 47, 2.41, 3.02, 2.99, 105, '2020-07-16 12:15:10'),
(421, 48, 1.62, 3.82, 4.95, 105, '2020-07-16 12:15:10'),
(422, 46, 1.52, 3.93, 6.4, 105, '2020-07-16 12:30:17'),
(423, 49, 1.5, 4.03, 6.45, 105, '2020-07-16 12:30:18'),
(424, 47, 2.41, 3.02, 2.99, 105, '2020-07-16 12:30:19'),
(425, 48, 1.62, 3.82, 4.95, 105, '2020-07-16 12:30:20'),
(426, 46, 1.52, 3.93, 6.4, 105, '2020-07-16 12:45:09'),
(427, 49, 1.5, 4.03, 6.45, 105, '2020-07-16 12:45:09'),
(428, 47, 2.34, 3.05, 3.07, 105, '2020-07-16 12:45:10'),
(429, 48, 1.62, 3.82, 4.95, 105, '2020-07-16 12:45:10'),
(430, 46, 1.52, 3.93, 6.4, 105, '2020-07-16 14:15:11'),
(431, 49, 1.5, 4.03, 6.45, 105, '2020-07-16 14:15:11'),
(432, 47, 2.31, 3.07, 3.1, 105, '2020-07-16 14:15:12'),
(433, 48, 1.62, 3.82, 4.95, 105, '2020-07-16 14:15:12'),
(434, 46, 1.52, 3.93, 6.4, 105, '2020-07-16 14:30:07'),
(435, 49, 1.5, 4.03, 6.45, 105, '2020-07-16 14:30:07'),
(436, 47, 2.31, 3.07, 3.1, 105, '2020-07-16 14:30:07'),
(437, 48, 1.62, 3.82, 4.95, 105, '2020-07-16 14:30:08'),
(438, 46, 1.52, 3.93, 6.4, 105, '2020-07-16 14:45:06'),
(439, 49, 1.5, 4.03, 6.45, 105, '2020-07-16 14:45:06'),
(440, 47, 2.31, 3.07, 3.1, 105, '2020-07-16 14:45:06'),
(441, 48, 1.62, 3.82, 4.95, 105, '2020-07-16 14:45:07'),
(442, 46, 1.52, 3.93, 6.4, 105, '2020-07-16 15:00:06'),
(443, 49, 1.5, 4.03, 6.45, 105, '2020-07-16 15:00:07'),
(444, 47, 2.31, 3.07, 3.1, 105, '2020-07-16 15:00:07'),
(445, 48, 1.62, 3.82, 4.95, 105, '2020-07-16 15:00:07'),
(446, 46, 1.52, 3.93, 6.4, 105, '2020-07-16 15:15:07'),
(447, 49, 1.5, 4.03, 6.45, 105, '2020-07-16 15:15:08'),
(448, 47, 2.31, 3.07, 3.1, 105, '2020-07-16 15:15:08'),
(449, 48, 1.62, 3.82, 4.95, 105, '2020-07-16 15:15:08'),
(450, 46, 1.52, 3.93, 6.4, 105, '2020-07-16 15:30:14'),
(451, 49, 1.5, 4.03, 6.45, 105, '2020-07-16 15:30:15'),
(452, 47, 2.31, 3.07, 3.1, 105, '2020-07-16 15:30:16'),
(453, 48, 1.62, 3.82, 4.95, 105, '2020-07-16 15:30:17');

--
-- Índices para tabelas despejadas
--

--
-- Índices para tabela `flask_matches`
--
ALTER TABLE `flask_matches`
  ADD PRIMARY KEY (`matchID`);

--
-- Índices para tabela `flask_predOdds`
--
ALTER TABLE `flask_predOdds`
  ADD PRIMARY KEY (`taOddID`),
  ADD KEY `oddID` (`oddID`),
  ADD KEY `matchID` (`matchID`);

--
-- Índices para tabela `flask_realOdds`
--
ALTER TABLE `flask_realOdds`
  ADD PRIMARY KEY (`oddID`),
  ADD KEY `matchID` (`matchID`);

--
-- AUTO_INCREMENT de tabelas despejadas
--

--
-- AUTO_INCREMENT de tabela `flask_matches`
--
ALTER TABLE `flask_matches`
  MODIFY `matchID` int NOT NULL AUTO_INCREMENT, AUTO_INCREMENT=50;

--
-- AUTO_INCREMENT de tabela `flask_predOdds`
--
ALTER TABLE `flask_predOdds`
  MODIFY `taOddID` int NOT NULL AUTO_INCREMENT, AUTO_INCREMENT=254;

--
-- AUTO_INCREMENT de tabela `flask_realOdds`
--
ALTER TABLE `flask_realOdds`
  MODIFY `oddID` int NOT NULL AUTO_INCREMENT, AUTO_INCREMENT=454;

--
-- Restrições para despejos de tabelas
--

--
-- Limitadores para a tabela `flask_predOdds`
--
ALTER TABLE `flask_predOdds`
  ADD CONSTRAINT `flask_predOdds_ibfk_1` FOREIGN KEY (`oddID`) REFERENCES `flask_realOdds` (`oddID`),
  ADD CONSTRAINT `flask_predOdds_ibfk_2` FOREIGN KEY (`matchID`) REFERENCES `flask_matches` (`matchID`);

--
-- Limitadores para a tabela `flask_realOdds`
--
ALTER TABLE `flask_realOdds`
  ADD CONSTRAINT `flask_realOdds_ibfk_1` FOREIGN KEY (`matchID`) REFERENCES `flask_matches` (`matchID`);
COMMIT;

/*!40101 SET CHARACTER_SET_CLIENT=@OLD_CHARACTER_SET_CLIENT */;
/*!40101 SET CHARACTER_SET_RESULTS=@OLD_CHARACTER_SET_RESULTS */;
/*!40101 SET COLLATION_CONNECTION=@OLD_COLLATION_CONNECTION */;
