-- phpMyAdmin SQL Dump
-- version 5.0.2
-- https://www.phpmyadmin.net/
--
-- Host: db
-- Tempo de geração: 18-Jul-2020 às 07:23
-- Versão do servidor: 8.0.20
-- versão do PHP: 7.4.6

SET SQL_MODE = "NO_AUTO_VALUE_ON_ZERO";
START TRANSACTION;
SET time_zone = "+00:00";


/*!40101 SET @OLD_CHARACTER_SET_CLIENT=@@CHARACTER_SET_CLIENT */;
/*!40101 SET @OLD_CHARACTER_SET_RESULTS=@@CHARACTER_SET_RESULTS */;
/*!40101 SET @OLD_COLLATION_CONNECTION=@@COLLATION_CONNECTION */;
/*!40101 SET NAMES utf8mb4 */;

--
-- Banco de dados: `scrapper`
--

DELIMITER $$
--
-- Procedimentos
--
CREATE DEFINER=`root`@`%` PROCEDURE `getCSV` ()  (SELECT 
oddID,matchID,volume, capturedAt as 'date','away' as oddType,
(SELECT 
awayOdd
from `flask_realOdds`
WHERE matchID  = ro.matchID
ORDER BY oddID DESC
LIMIT 1) as 'close',
(SELECT 
MAX(awayOdd)
from `flask_realOdds`
WHERE matchID = ro.matchID
GROUP BY matchID) as 'high',
(SELECT 
MIN(awayOdd)
from `flask_realOdds`
WHERE matchID = ro.matchID
GROUP BY matchID) as 'low',
(SELECT 
awayOdd
from `flask_realOdds`
WHERE matchID = ro.matchID
GROUP BY matchID
ORDER BY capturedAt ASC) as 'open'
from `flask_realOdds` as ro
GROUP BY matchID  
ORDER BY `ro`.`matchID` ASC)
UNION
(SELECT 
oddID,matchID,volume, capturedAt as 'date','draw' as oddType,
(SELECT 
drawOdd
from `flask_realOdds`
WHERE matchID  = ro.matchID
ORDER BY oddID DESC
LIMIT 1) as 'close',
(SELECT 
MAX(drawOdd)
from `flask_realOdds`
WHERE matchID = ro.matchID
GROUP BY matchID) as 'high',
(SELECT 
MIN(drawOdd)
from `flask_realOdds`
WHERE matchID = ro.matchID
GROUP BY matchID) as 'low',
(SELECT 
drawOdd
from `flask_realOdds`
WHERE matchID = ro.matchID
GROUP BY matchID
ORDER BY capturedAt ASC) as 'open'
from `flask_realOdds` as ro
GROUP BY matchID  
ORDER BY `ro`.`matchID` ASC)
UNION
(SELECT 
oddID,matchID,volume, capturedAt as 'date','home' as oddType,
(SELECT 
homeOdd
from `flask_realOdds`
WHERE matchID  = ro.matchID
ORDER BY oddID DESC
LIMIT 1) as 'close',
(SELECT 
MAX(homeOdd)
from `flask_realOdds`
WHERE matchID = ro.matchID
GROUP BY matchID) as 'high',
(SELECT 
MIN(homeOdd)
from `flask_realOdds`
WHERE matchID = ro.matchID
GROUP BY matchID) as 'low',
(SELECT 
homeOdd
from `flask_realOdds`
WHERE matchID = ro.matchID
GROUP BY matchID
ORDER BY capturedAt ASC) as 'open'
from `flask_realOdds` as ro
GROUP BY matchID  
ORDER BY `ro`.`matchID` ASC
)$$

DELIMITER ;

-- --------------------------------------------------------

--
-- Estrutura da tabela `flask_matches`
--

CREATE TABLE `flask_matches` (
  `matchID` int NOT NULL,
  `homeTeam` varchar(64) NOT NULL,
  `awayTeam` varchar(64) NOT NULL,
  `date` datetime NOT NULL,
  `matchClosed` tinyint(1) NOT NULL
) ENGINE=InnoDB DEFAULT CHARSET=utf8mb4 COLLATE=utf8mb4_0900_ai_ci;

--
-- Extraindo dados da tabela `flask_matches`
--

INSERT INTO `flask_matches` (`matchID`, `homeTeam`, `awayTeam`, `date`, `matchClosed`) VALUES
(17, 'Santa Clara ', 'Desp. Aves', '2020-07-14 16:00:00', 1),
(24, 'Portimonense', 'Boavista', '2020-07-14 18:15:00', 1),
(30, 'Gil Vicente', 'Tondela', '2020-07-14 20:30:00', 1),
(31, 'Benfica', 'V. Guimarães', '2020-07-14 20:30:00', 1),
(35, 'Moreirense', 'Paços de Ferreira', '2020-07-15 18:00:00', 1),
(36, 'Braga', 'Belenenses', '2020-07-15 18:00:00', 1),
(37, 'FC Porto', 'Sporting', '2020-07-15 18:00:00', 1),
(60, 'Rio Ave', 'Santa Clara', '2020-07-18 20:00:00', 0),
(61, 'Famalicão', 'Boavista', '2020-07-18 22:15:00', 0),
(62, 'Belenenses', 'Gil Vicente', '2020-07-19 20:00:00', 0),
(63, 'V. Guimarães', 'Marítimo', '2020-07-19 22:15:00', 0),
(64, 'FC Porto', 'Moreirense', '2020-07-20 22:15:00', 0);

-- --------------------------------------------------------

--
-- Estrutura da tabela `flask_predOdds`
--

CREATE TABLE `flask_predOdds` (
  `taOddID` int NOT NULL,
  `oddID` int DEFAULT NULL,
  `matchID` int DEFAULT NULL,
  `oddType` varchar(32) NOT NULL,
  `openOdd` float NOT NULL,
  `highestOdd` float NOT NULL,
  `lowestOdd` float NOT NULL,
  `actualOdd` float NOT NULL,
  `volumeOdd` float NOT NULL,
  `MACD_12_26_9` float DEFAULT NULL,
  `MACDH_12_26_9` float DEFAULT NULL,
  `MACDS_12_26_9` float DEFAULT NULL,
  `SMA_10` float DEFAULT NULL,
  `BBL_5` float DEFAULT NULL,
  `BBM_5` float DEFAULT NULL,
  `BBU_5` float DEFAULT NULL,
  `HMA_10` float DEFAULT NULL,
  `OBV` float DEFAULT NULL,
  `AROOND_14` float DEFAULT NULL,
  `AROONU_14` float DEFAULT NULL,
  `AROONOSC_14` float DEFAULT NULL,
  `prediction` float DEFAULT NULL,
  `generatedAt` datetime NOT NULL
) ENGINE=InnoDB DEFAULT CHARSET=utf8mb4 COLLATE=utf8mb4_0900_ai_ci;

--
-- Extraindo dados da tabela `flask_predOdds`
--

INSERT INTO `flask_predOdds` (`taOddID`, `oddID`, `matchID`, `oddType`, `openOdd`, `highestOdd`, `lowestOdd`, `actualOdd`, `volumeOdd`, `MACD_12_26_9`, `MACDH_12_26_9`, `MACDS_12_26_9`, `SMA_10`, `BBL_5`, `BBM_5`, `BBU_5`, `HMA_10`, `OBV`, `AROOND_14`, `AROONU_14`, `AROONOSC_14`, `prediction`, `generatedAt`) VALUES
(650, 1, 17, 'away', 6.05, 6.25, 6.05, 6.25, 210, NULL, NULL, NULL, NULL, NULL, NULL, NULL, NULL, 210, NULL, NULL, NULL, 6.11953, '2020-07-17 14:21:16'),
(651, 2, 24, 'away', 6.55, 7.2, 6.55, 6.85, 209, NULL, NULL, NULL, NULL, NULL, NULL, NULL, NULL, 419, NULL, NULL, NULL, 7.10827, '2020-07-17 14:21:16'),
(652, 3, 30, 'away', 3.15, 3.15, 2.97, 2.97, 212, NULL, NULL, NULL, NULL, NULL, NULL, NULL, NULL, 207, NULL, NULL, NULL, 2.83232, '2020-07-17 14:21:16'),
(653, 4, 31, 'away', 5.4, 5.55, 5.4, 5.45, 225, NULL, NULL, NULL, NULL, NULL, NULL, NULL, NULL, 432, NULL, NULL, NULL, 5.59574, '2020-07-17 14:21:16'),
(654, 5, 35, 'away', 2.74, 2.76, 2.62, 2.62, 152, NULL, NULL, NULL, NULL, 0.977691, 4.828, 8.67831, NULL, 280, NULL, NULL, NULL, 2.69447, '2020-07-17 14:21:16'),
(655, 6, 36, 'away', 10.5, 11.25, 9.75, 10.75, 163, NULL, NULL, NULL, NULL, -0.891885, 5.728, 12.3479, NULL, 443, NULL, NULL, NULL, 10.0734, '2020-07-17 14:21:17'),
(656, 7, 37, 'away', 4.55, 5.5, 4.55, 5.5, 165, NULL, NULL, NULL, NULL, -1.04211, 5.458, 11.9581, NULL, 278, NULL, NULL, NULL, 5.47116, '2020-07-17 14:21:17'),
(661, 1, 17, 'draw', 4.02, 4.02, 4.02, 4.02, 210, NULL, NULL, NULL, 5.236, 2.02537, 5.014, 8.00263, 4.79831, 278, NULL, NULL, NULL, 3.99976, '2020-07-17 14:21:17'),
(662, 2, 24, 'draw', 3.82, 3.92, 3.8, 3.8, 209, NULL, NULL, NULL, 5.319, 1.90785, 4.464, 7.02015, 4.32567, 69, NULL, NULL, NULL, 3.73356, '2020-07-17 14:21:17'),
(663, 3, 30, 'draw', 3.12, 3.12, 3.07, 3.07, 212, NULL, NULL, NULL, 5.081, 1.88575, 4.458, 7.03025, 3.7848, -143, NULL, NULL, NULL, 3.08061, '2020-07-17 14:21:17'),
(664, 4, 31, 'draw', 4.32, 4.42, 4.32, 4.4, 225, NULL, NULL, NULL, 5.259, 1.83718, 4.338, 6.83882, 3.56253, 82, 28.5714, 35.7143, 7.14286, 4.4772, '2020-07-17 14:21:17'),
(665, 5, 35, 'draw', 3.08, 3.1, 3.07, 3.1, 152, NULL, NULL, NULL, 4.494, 2.51315, 3.678, 4.84285, 3.28778, -70, 21.4286, 28.5714, 7.14286, 3.01488, '2020-07-17 14:21:17'),
(666, 6, 36, 'draw', 5.65, 6, 5.65, 6, 163, NULL, NULL, NULL, 4.544, 1.65584, 4.074, 6.49216, 3.7948, 93, 14.2857, 21.4286, 7.14286, 6.28119, '2020-07-17 14:21:17'),
(667, 7, 37, 'draw', 3.68, 3.82, 3.58, 3.82, 165, NULL, NULL, NULL, 4.271, 1.66204, 4.078, 6.49396, 4.12855, -72, 7.14286, 14.2857, 7.14286, 3.80809, '2020-07-17 14:21:17'),
(672, 1, 17, 'home', 1.6, 1.6, 1.58, 1.58, 210, NULL, NULL, NULL, 3.707, 1.22989, 3.336, 5.44211, 3.14075, -72, 100, 14.2857, -85.7143, 1.55667, '2020-07-17 14:21:18'),
(673, 2, 24, 'home', 1.6, 1.6, 1.55, 1.58, 209, NULL, NULL, NULL, 3.558, 0.451773, 2.832, 5.21223, 2.37883, -72, 100, 7.14286, -92.8571, 1.66345, '2020-07-17 14:21:18'),
(674, 3, 30, 'home', 2.49, 2.65, 2.49, 2.65, 212, NULL, NULL, NULL, 3.383, 0.377246, 2.736, 5.09475, 1.96569, 140, 92.8571, 0, -92.8571, 2.50989, '2020-07-17 14:21:18'),
(675, 4, 31, 'home', 1.6, 1.6, 1.58, 1.59, 225, -1.24267, NULL, NULL, 3.232, 0.146599, 2.28, 4.4134, 1.63062, -85, 85.7143, 35.7143, -50, 1.59975, '2020-07-17 14:21:18'),
(676, 5, 35, 'home', 2.7, 2.97, 2.69, 2.97, 152, -1.15866, 0.0672079, -1.22587, 2.929, 0.711311, 2.074, 3.43669, 1.74573, 67, 78.5714, 28.5714, -50, 2.92312, '2020-07-17 14:21:18'),
(677, 6, 36, 'home', 1.27, 1.31, 1.25, 1.28, 163, -1.21446, 0.0091336, -1.22359, 2.675, 0.522249, 2.014, 3.50575, 1.72718, -96, 100, 21.4286, -78.5714, 1.3643, '2020-07-17 14:21:18'),
(678, 7, 37, 'home', 1.79, 1.81, 1.74, 1.74, 165, -1.20763, 0.0127663, -1.2204, 2.439, 0.594477, 2.046, 3.49752, 1.72895, 69, 92.8571, 14.2857, -78.5714, 1.6498, '2020-07-17 14:21:18');

-- --------------------------------------------------------

--
-- Estrutura da tabela `flask_realOdds`
--

CREATE TABLE `flask_realOdds` (
  `oddID` int NOT NULL,
  `matchID` int DEFAULT NULL,
  `homeOdd` float NOT NULL,
  `drawOdd` float NOT NULL,
  `awayOdd` float NOT NULL,
  `volume` int NOT NULL,
  `capturedAt` datetime NOT NULL
) ENGINE=InnoDB DEFAULT CHARSET=utf8mb4 COLLATE=utf8mb4_0900_ai_ci;

--
-- Extraindo dados da tabela `flask_realOdds`
--

INSERT INTO `flask_realOdds` (`oddID`, `matchID`, `homeOdd`, `drawOdd`, `awayOdd`, `volume`, `capturedAt`) VALUES
(1, 17, 1.6, 4.02, 6.05, 210, '2020-07-14 13:33:07'),
(2, 24, 1.6, 3.82, 6.55, 209, '2020-07-14 13:33:07'),
(3, 30, 2.49, 3.12, 3.15, 212, '2020-07-14 13:33:07'),
(4, 31, 1.6, 4.32, 5.4, 225, '2020-07-14 13:33:07'),
(5, 35, 2.7, 3.08, 2.74, 152, '2020-07-14 13:33:08'),
(6, 36, 1.27, 5.65, 10.5, 163, '2020-07-14 13:33:08'),
(7, 37, 1.79, 3.68, 4.55, 165, '2020-07-14 13:33:08'),
(8, 17, 1.6, 4.02, 6.05, 210, '2020-07-14 13:34:05'),
(9, 24, 1.6, 3.82, 6.55, 209, '2020-07-14 13:34:05'),
(10, 30, 2.49, 3.12, 3.15, 212, '2020-07-14 13:34:06'),
(11, 31, 1.6, 4.32, 5.4, 225, '2020-07-14 13:34:06'),
(12, 35, 2.7, 3.08, 2.74, 152, '2020-07-14 13:34:06'),
(13, 36, 1.27, 5.65, 10.5, 163, '2020-07-14 13:34:06'),
(14, 37, 1.79, 3.68, 4.55, 165, '2020-07-14 13:34:07'),
(15, 17, 1.6, 4.02, 6.05, 210, '2020-07-14 13:35:06'),
(16, 24, 1.6, 3.82, 6.55, 209, '2020-07-14 13:35:07'),
(17, 30, 2.49, 3.12, 3.15, 212, '2020-07-14 13:35:07'),
(18, 31, 1.6, 4.32, 5.4, 225, '2020-07-14 13:35:07'),
(19, 35, 2.7, 3.08, 2.74, 152, '2020-07-14 13:35:08'),
(20, 36, 1.27, 5.65, 10.5, 163, '2020-07-14 13:35:08'),
(21, 37, 1.79, 3.68, 4.55, 165, '2020-07-14 13:35:08'),
(22, 17, 1.6, 4.02, 6.05, 210, '2020-07-14 13:36:07'),
(23, 24, 1.6, 3.82, 6.55, 209, '2020-07-14 13:36:07'),
(24, 30, 2.49, 3.12, 3.15, 212, '2020-07-14 13:36:08'),
(25, 31, 1.6, 4.32, 5.4, 225, '2020-07-14 13:36:08'),
(26, 35, 2.7, 3.08, 2.74, 152, '2020-07-14 13:36:08'),
(27, 36, 1.27, 5.65, 10.5, 163, '2020-07-14 13:36:08'),
(28, 37, 1.79, 3.68, 4.55, 165, '2020-07-14 13:36:09'),
(29, 17, 1.6, 4.02, 6.05, 210, '2020-07-14 13:37:07'),
(30, 24, 1.6, 3.82, 6.55, 209, '2020-07-14 13:37:07'),
(31, 30, 2.49, 3.12, 3.15, 212, '2020-07-14 13:37:07'),
(32, 31, 1.6, 4.32, 5.4, 225, '2020-07-14 13:37:08'),
(33, 35, 2.7, 3.08, 2.74, 152, '2020-07-14 13:37:08'),
(34, 36, 1.27, 5.65, 10.5, 163, '2020-07-14 13:37:08'),
(35, 37, 1.79, 3.68, 4.55, 165, '2020-07-14 13:37:08'),
(36, 17, 1.6, 4.02, 6.05, 210, '2020-07-14 14:15:09'),
(37, 24, 1.56, 3.9, 6.9, 209, '2020-07-14 14:15:10'),
(38, 30, 2.52, 3.12, 3.1, 213, '2020-07-14 14:15:10'),
(39, 31, 1.6, 4.32, 5.4, 225, '2020-07-14 14:15:10'),
(40, 35, 2.7, 3.08, 2.74, 152, '2020-07-14 14:15:11'),
(41, 36, 1.27, 5.65, 10.5, 163, '2020-07-14 14:15:11'),
(42, 37, 1.79, 3.68, 4.55, 165, '2020-07-14 14:15:12'),
(43, 17, 1.6, 4.02, 6.05, 210, '2020-07-14 14:30:09'),
(44, 24, 1.56, 3.9, 6.9, 209, '2020-07-14 14:30:09'),
(45, 30, 2.52, 3.12, 3.1, 213, '2020-07-14 14:30:10'),
(46, 31, 1.6, 4.32, 5.4, 225, '2020-07-14 14:30:10'),
(47, 35, 2.7, 3.08, 2.74, 152, '2020-07-14 14:30:11'),
(48, 36, 1.27, 5.65, 10.5, 163, '2020-07-14 14:30:11'),
(49, 37, 1.79, 3.68, 4.55, 165, '2020-07-14 14:30:11'),
(50, 17, 1.59, 4.02, 6.15, 210, '2020-07-14 14:45:12'),
(51, 24, 1.56, 3.9, 6.9, 209, '2020-07-14 14:45:13'),
(52, 30, 2.52, 3.12, 3.1, 213, '2020-07-14 14:45:14'),
(53, 31, 1.6, 4.32, 5.4, 225, '2020-07-14 14:45:14'),
(54, 35, 2.7, 3.08, 2.74, 152, '2020-07-14 14:45:15'),
(55, 36, 1.27, 5.65, 10.5, 163, '2020-07-14 14:45:15'),
(56, 37, 1.79, 3.68, 4.55, 165, '2020-07-14 14:45:16'),
(57, 17, 1.59, 4.02, 6.15, 210, '2020-07-14 15:00:10'),
(58, 24, 1.58, 3.85, 6.85, 209, '2020-07-14 15:00:11'),
(59, 30, 2.52, 3.12, 3.1, 213, '2020-07-14 15:00:11'),
(60, 31, 1.6, 4.32, 5.4, 225, '2020-07-14 15:00:11'),
(61, 35, 2.7, 3.08, 2.74, 152, '2020-07-14 15:00:12'),
(62, 36, 1.27, 5.65, 10.5, 163, '2020-07-14 15:00:12'),
(63, 37, 1.79, 3.68, 4.55, 165, '2020-07-14 15:00:13'),
(64, 17, 1.58, 4.02, 6.25, 210, '2020-07-14 15:30:09'),
(65, 24, 1.58, 3.85, 6.85, 209, '2020-07-14 15:30:09'),
(66, 30, 2.52, 3.12, 3.1, 213, '2020-07-14 15:30:09'),
(67, 31, 1.59, 4.37, 5.45, 225, '2020-07-14 15:30:10'),
(68, 35, 2.7, 3.08, 2.74, 152, '2020-07-14 15:30:10'),
(69, 36, 1.27, 5.65, 10.5, 163, '2020-07-14 15:30:10'),
(70, 37, 1.79, 3.68, 4.55, 165, '2020-07-14 15:30:11'),
(71, 17, 1.58, 4.02, 6.25, 210, '2020-07-14 15:45:10'),
(72, 24, 1.58, 3.85, 6.85, 209, '2020-07-14 15:45:10'),
(73, 30, 2.52, 3.12, 3.1, 213, '2020-07-14 15:45:10'),
(74, 31, 1.59, 4.37, 5.45, 225, '2020-07-14 15:45:11'),
(75, 35, 2.7, 3.08, 2.74, 152, '2020-07-14 15:45:11'),
(76, 36, 1.27, 5.65, 10.5, 163, '2020-07-14 15:45:11'),
(77, 37, 1.79, 3.68, 4.55, 165, '2020-07-14 15:45:12'),
(78, 24, 1.56, 3.9, 7.05, 208, '2020-07-14 16:00:09'),
(79, 30, 2.52, 3.12, 3.1, 213, '2020-07-14 16:00:09'),
(80, 31, 1.59, 4.37, 5.45, 225, '2020-07-14 16:00:09'),
(81, 35, 2.7, 3.08, 2.74, 152, '2020-07-14 16:00:09'),
(82, 36, 1.27, 5.65, 10.5, 163, '2020-07-14 16:00:09'),
(83, 37, 1.79, 3.68, 4.55, 165, '2020-07-14 16:00:09'),
(84, 24, 1.55, 3.92, 7.2, 208, '2020-07-14 16:15:09'),
(85, 30, 2.52, 3.12, 3.1, 213, '2020-07-14 16:15:09'),
(86, 31, 1.58, 4.42, 5.55, 225, '2020-07-14 16:15:09'),
(87, 35, 2.7, 3.08, 2.74, 152, '2020-07-14 16:15:10'),
(88, 36, 1.27, 5.65, 10.5, 163, '2020-07-14 16:15:10'),
(89, 37, 1.79, 3.68, 4.55, 165, '2020-07-14 16:15:11'),
(90, 24, 1.55, 3.92, 7.2, 208, '2020-07-14 16:30:08'),
(91, 30, 2.55, 3.1, 3.07, 213, '2020-07-14 16:30:08'),
(92, 31, 1.58, 4.42, 5.55, 225, '2020-07-14 16:30:09'),
(93, 35, 2.7, 3.08, 2.74, 152, '2020-07-14 16:30:09'),
(94, 36, 1.27, 5.65, 10.5, 163, '2020-07-14 16:30:09'),
(95, 37, 1.79, 3.68, 4.55, 165, '2020-07-14 16:30:10'),
(96, 24, 1.55, 3.92, 7.2, 208, '2020-07-14 16:45:08'),
(97, 30, 2.55, 3.1, 3.07, 213, '2020-07-14 16:45:08'),
(98, 31, 1.58, 4.42, 5.55, 225, '2020-07-14 16:45:09'),
(99, 35, 2.7, 3.08, 2.74, 152, '2020-07-14 16:45:09'),
(100, 36, 1.27, 5.65, 10.5, 163, '2020-07-14 16:45:10'),
(101, 37, 1.79, 3.68, 4.55, 165, '2020-07-14 16:45:10'),
(102, 24, 1.55, 3.92, 7.05, 208, '2020-07-14 17:00:08'),
(103, 30, 2.55, 3.1, 3.07, 213, '2020-07-14 17:00:08'),
(104, 31, 1.58, 4.42, 5.55, 225, '2020-07-14 17:00:09'),
(105, 35, 2.7, 3.08, 2.74, 152, '2020-07-14 17:00:09'),
(106, 36, 1.27, 5.65, 10.5, 163, '2020-07-14 17:00:09'),
(107, 37, 1.79, 3.68, 4.55, 165, '2020-07-14 17:00:10'),
(108, 24, 1.55, 3.92, 7.05, 208, '2020-07-14 17:15:14'),
(109, 30, 2.58, 3.1, 3.02, 213, '2020-07-14 17:15:15'),
(110, 31, 1.58, 4.42, 5.55, 225, '2020-07-14 17:15:16'),
(111, 35, 2.7, 3.08, 2.74, 152, '2020-07-14 17:15:16'),
(112, 36, 1.27, 5.65, 10.5, 163, '2020-07-14 17:15:17'),
(113, 37, 1.79, 3.68, 4.55, 165, '2020-07-14 17:15:17'),
(114, 24, 1.55, 3.92, 7.05, 208, '2020-07-14 17:30:10'),
(115, 30, 2.58, 3.1, 3.02, 213, '2020-07-14 17:30:10'),
(116, 31, 1.58, 4.42, 5.55, 225, '2020-07-14 17:30:10'),
(117, 35, 2.7, 3.08, 2.74, 152, '2020-07-14 17:30:11'),
(118, 36, 1.27, 5.65, 10.5, 163, '2020-07-14 17:30:11'),
(119, 37, 1.79, 3.68, 4.55, 165, '2020-07-14 17:30:11'),
(120, 24, 1.57, 3.85, 6.95, 209, '2020-07-14 17:45:09'),
(121, 30, 2.58, 3.1, 3.02, 213, '2020-07-14 17:45:09'),
(122, 31, 1.58, 4.42, 5.55, 225, '2020-07-14 17:45:10'),
(123, 35, 2.7, 3.08, 2.74, 152, '2020-07-14 17:45:10'),
(124, 36, 1.26, 5.7, 10.75, 163, '2020-07-14 17:45:11'),
(125, 37, 1.79, 3.68, 4.55, 165, '2020-07-14 17:45:11'),
(126, 24, 1.58, 3.8, 6.85, 209, '2020-07-14 18:01:39'),
(127, 30, 2.58, 3.1, 3.02, 213, '2020-07-14 18:01:39'),
(128, 31, 1.58, 4.42, 5.55, 225, '2020-07-14 18:01:40'),
(129, 35, 2.7, 3.08, 2.74, 152, '2020-07-14 18:01:40'),
(130, 36, 1.26, 5.7, 10.75, 163, '2020-07-14 18:01:40'),
(131, 37, 1.79, 3.68, 4.55, 165, '2020-07-14 18:01:41'),
(132, 30, 2.58, 3.1, 3.02, 213, '2020-07-14 18:15:09'),
(133, 31, 1.58, 4.42, 5.55, 225, '2020-07-14 18:15:09'),
(134, 35, 2.7, 3.08, 2.74, 152, '2020-07-14 18:15:09'),
(135, 36, 1.26, 5.7, 10.75, 163, '2020-07-14 18:15:10'),
(136, 37, 1.79, 3.68, 4.55, 165, '2020-07-14 18:15:10'),
(137, 30, 2.58, 3.1, 3.02, 213, '2020-07-14 18:30:09'),
(138, 31, 1.59, 4.4, 5.45, 225, '2020-07-14 18:30:09'),
(139, 35, 2.7, 3.08, 2.74, 152, '2020-07-14 18:30:09'),
(140, 36, 1.26, 5.7, 10.75, 163, '2020-07-14 18:30:10'),
(141, 37, 1.79, 3.68, 4.55, 165, '2020-07-14 18:30:10'),
(142, 30, 2.61, 3.1, 2.99, 213, '2020-07-14 19:35:56'),
(143, 31, 1.59, 4.4, 5.45, 225, '2020-07-14 19:35:58'),
(144, 35, 2.7, 3.08, 2.74, 152, '2020-07-14 19:35:59'),
(145, 36, 1.26, 5.7, 10.75, 163, '2020-07-14 19:35:59'),
(146, 37, 1.79, 3.63, 4.62, 165, '2020-07-14 19:35:59'),
(147, 30, 2.65, 3.07, 2.97, 213, '2020-07-14 19:45:07'),
(148, 31, 1.59, 4.4, 5.45, 225, '2020-07-14 19:45:07'),
(149, 35, 2.7, 3.08, 2.74, 152, '2020-07-14 19:45:07'),
(150, 36, 1.26, 5.7, 10.75, 163, '2020-07-14 19:45:08'),
(151, 37, 1.79, 3.63, 4.62, 165, '2020-07-14 19:45:08'),
(152, 35, 2.7, 3.08, 2.74, 152, '2020-07-14 23:22:30'),
(153, 36, 1.26, 5.75, 11, 163, '2020-07-14 23:22:30'),
(154, 37, 1.75, 3.68, 4.85, 165, '2020-07-14 23:22:31'),
(155, 35, 2.69, 3.07, 2.76, 152, '2020-07-15 06:36:29'),
(156, 36, 1.25, 5.9, 11.25, 163, '2020-07-15 06:36:29'),
(157, 37, 1.75, 3.68, 4.85, 165, '2020-07-15 06:36:30'),
(158, 35, 2.72, 3.07, 2.72, 152, '2020-07-15 06:50:11'),
(159, 36, 1.25, 5.9, 11.25, 163, '2020-07-15 06:50:11'),
(160, 37, 1.78, 3.58, 4.8, 165, '2020-07-15 07:26:37'),
(161, 35, 2.84, 3.1, 2.74, 205, '2020-07-15 10:21:26'),
(162, 36, 1.31, 5.75, 9.75, 215, '2020-07-15 10:21:26'),
(163, 37, 1.81, 3.67, 5.15, 216, '2020-07-15 10:21:26'),
(164, 35, 2.84, 3.1, 2.74, 205, '2020-07-15 10:30:07'),
(165, 36, 1.31, 5.75, 9.75, 215, '2020-07-15 10:30:08'),
(166, 37, 1.81, 3.67, 5.15, 216, '2020-07-15 10:30:08'),
(167, 35, 2.84, 3.1, 2.74, 205, '2020-07-15 10:45:08'),
(168, 36, 1.31, 5.75, 9.75, 215, '2020-07-15 10:45:08'),
(169, 37, 1.81, 3.67, 5.15, 215, '2020-07-15 10:45:08'),
(170, 35, 2.84, 3.1, 2.74, 205, '2020-07-15 11:00:10'),
(171, 36, 1.31, 5.75, 9.75, 215, '2020-07-15 11:00:10'),
(172, 37, 1.81, 3.67, 5.15, 216, '2020-07-15 11:00:10'),
(173, 35, 2.88, 3.1, 2.7, 205, '2020-07-15 11:15:08'),
(174, 36, 1.31, 5.75, 9.75, 215, '2020-07-15 11:15:09'),
(175, 37, 1.81, 3.67, 5.15, 216, '2020-07-15 11:15:10'),
(176, 35, 2.88, 3.1, 2.7, 205, '2020-07-15 11:30:10'),
(177, 36, 1.31, 5.75, 9.95, 215, '2020-07-15 11:30:10'),
(178, 37, 1.81, 3.67, 5.15, 216, '2020-07-15 11:30:11'),
(179, 35, 2.88, 3.1, 2.7, 205, '2020-07-15 11:48:46'),
(180, 36, 1.31, 5.75, 9.95, 215, '2020-07-15 11:48:47'),
(181, 37, 1.81, 3.67, 5.15, 216, '2020-07-15 11:48:47'),
(182, 35, 2.88, 3.1, 2.7, 205, '2020-07-15 12:00:09'),
(183, 36, 1.3, 5.8, 10.25, 215, '2020-07-15 12:00:10'),
(184, 37, 1.81, 3.67, 5.15, 216, '2020-07-15 12:00:10'),
(185, 35, 2.88, 3.1, 2.7, 205, '2020-07-15 12:15:10'),
(186, 36, 1.29, 5.85, 10.5, 215, '2020-07-15 12:15:10'),
(187, 37, 1.81, 3.67, 5.15, 216, '2020-07-15 12:15:11'),
(188, 60, 1.61, 3.72, 5.35, 105, '2020-07-15 12:15:12'),
(189, 63, 1.76, 3.53, 4.4, 105, '2020-07-15 12:15:12'),
(190, 35, 2.97, 3.1, 2.62, 205, '2020-07-15 12:30:09'),
(191, 36, 1.3, 5.75, 10.25, 215, '2020-07-15 12:30:10'),
(192, 37, 1.81, 3.67, 5.15, 216, '2020-07-15 12:30:10'),
(193, 60, 1.61, 3.72, 5.35, 105, '2020-07-15 12:30:11'),
(194, 63, 1.76, 3.53, 4.4, 105, '2020-07-15 12:30:11'),
(195, 36, 1.28, 6, 10.75, 215, '2020-07-15 18:00:10'),
(196, 37, 1.79, 3.7, 5.25, 216, '2020-07-15 18:00:10'),
(197, 60, 1.53, 3.88, 5.95, 105, '2020-07-15 18:00:11'),
(198, 62, 2.35, 3.03, 3.08, 105, '2020-07-15 18:00:11'),
(199, 63, 1.6, 3.93, 4.98, 105, '2020-07-15 18:00:11'),
(200, 37, 1.79, 3.7, 5.25, 216, '2020-07-15 18:15:08'),
(201, 60, 1.54, 3.93, 6.05, 105, '2020-07-15 18:15:09'),
(202, 62, 2.35, 3.03, 3.08, 105, '2020-07-15 18:15:09'),
(203, 63, 1.6, 3.93, 4.98, 105, '2020-07-15 18:15:09'),
(204, 37, 1.79, 3.7, 5.25, 216, '2020-07-15 18:30:06'),
(205, 60, 1.55, 3.87, 6.05, 105, '2020-07-15 18:30:07'),
(206, 62, 2.35, 3.03, 3.08, 105, '2020-07-15 18:30:07'),
(207, 63, 1.6, 3.93, 4.98, 105, '2020-07-15 18:30:07'),
(208, 37, 1.79, 3.7, 5.25, 216, '2020-07-15 18:46:32'),
(209, 60, 1.55, 3.87, 6.05, 105, '2020-07-15 18:46:32'),
(210, 62, 2.35, 3.03, 3.08, 105, '2020-07-15 18:46:33'),
(211, 63, 1.6, 3.93, 4.98, 105, '2020-07-15 18:46:33'),
(212, 37, 1.79, 3.7, 5.25, 216, '2020-07-15 19:02:15'),
(213, 60, 1.55, 3.87, 6.05, 105, '2020-07-15 19:02:15'),
(214, 62, 2.35, 3.03, 3.08, 105, '2020-07-15 19:02:16'),
(215, 63, 1.6, 3.93, 4.98, 105, '2020-07-15 19:02:16'),
(216, 37, 1.79, 3.7, 5.25, 216, '2020-07-15 19:15:07'),
(217, 60, 1.55, 3.87, 6.05, 105, '2020-07-15 19:15:08'),
(218, 62, 2.35, 3.03, 3.08, 105, '2020-07-15 19:15:08'),
(219, 63, 1.6, 3.93, 4.98, 105, '2020-07-15 19:15:08'),
(220, 37, 1.77, 3.75, 5.3, 216, '2020-07-15 19:48:07'),
(221, 60, 1.5, 4.02, 6.45, 105, '2020-07-15 19:48:07'),
(222, 62, 2.35, 3.03, 3.08, 105, '2020-07-15 19:48:08'),
(223, 63, 1.6, 3.93, 4.98, 105, '2020-07-15 19:48:08'),
(224, 37, 1.74, 3.82, 5.5, 216, '2020-07-15 20:44:14'),
(225, 60, 1.5, 4.02, 6.45, 105, '2020-07-15 20:44:15'),
(226, 62, 2.35, 3.03, 3.08, 105, '2020-07-15 20:44:15'),
(227, 63, 1.6, 3.93, 4.98, 105, '2020-07-15 20:44:15'),
(228, 60, 1.5, 4.02, 6.45, 105, '2020-07-15 20:45:08'),
(229, 62, 2.35, 3.03, 3.08, 105, '2020-07-15 20:45:08'),
(230, 63, 1.6, 3.93, 4.98, 105, '2020-07-15 20:45:08'),
(231, 60, 1.5, 4.02, 6.45, 105, '2020-07-15 21:00:10'),
(232, 62, 2.35, 3.03, 3.08, 105, '2020-07-15 21:00:11'),
(233, 63, 1.6, 3.93, 4.98, 105, '2020-07-15 21:00:11'),
(234, 60, 1.5, 4.02, 6.45, 105, '2020-07-15 21:15:09'),
(235, 62, 2.35, 3.03, 3.08, 105, '2020-07-15 21:15:10'),
(236, 63, 1.61, 3.87, 5, 105, '2020-07-15 21:15:10'),
(237, 60, 1.5, 4.02, 6.45, 105, '2020-07-15 21:30:09'),
(238, 62, 2.35, 3.03, 3.08, 105, '2020-07-15 21:30:09'),
(239, 63, 1.61, 3.87, 5, 105, '2020-07-15 21:30:10'),
(240, 60, 1.5, 4.02, 6.45, 105, '2020-07-15 21:45:11'),
(241, 62, 2.35, 3.03, 3.08, 105, '2020-07-15 21:45:11'),
(242, 63, 1.61, 3.87, 5, 105, '2020-07-15 21:45:12'),
(243, 60, 1.5, 4.02, 6.45, 105, '2020-07-15 22:00:07'),
(244, 62, 2.35, 3.03, 3.08, 105, '2020-07-15 22:00:07'),
(245, 63, 1.61, 3.87, 5, 105, '2020-07-15 22:00:08'),
(246, 60, 1.5, 4.02, 6.45, 105, '2020-07-15 22:15:07'),
(247, 62, 2.35, 3.03, 3.08, 105, '2020-07-15 22:15:08'),
(248, 63, 1.61, 3.87, 5, 105, '2020-07-15 22:15:09'),
(249, 61, 1.49, 4.05, 6.55, 105, '2020-07-15 22:15:09'),
(250, 60, 1.5, 4.02, 6.45, 105, '2020-07-15 22:30:10'),
(251, 61, 1.49, 4.05, 6.55, 105, '2020-07-15 22:30:10'),
(252, 62, 2.35, 3.03, 3.08, 105, '2020-07-15 22:30:10'),
(253, 63, 1.61, 3.87, 5, 105, '2020-07-15 22:30:11'),
(254, 60, 1.5, 4.02, 6.45, 105, '2020-07-15 22:45:06'),
(255, 61, 1.49, 4.05, 6.55, 105, '2020-07-15 22:45:07'),
(256, 62, 2.35, 3.03, 3.08, 105, '2020-07-15 22:45:07'),
(257, 63, 1.61, 3.87, 5, 105, '2020-07-15 22:45:08'),
(258, 60, 1.5, 4.02, 6.45, 105, '2020-07-15 23:00:07'),
(259, 61, 1.49, 4.05, 6.55, 105, '2020-07-15 23:00:07'),
(260, 62, 2.35, 3.03, 3.08, 105, '2020-07-15 23:00:08'),
(261, 63, 1.61, 3.87, 5, 105, '2020-07-15 23:00:08'),
(262, 60, 1.5, 4.02, 6.45, 105, '2020-07-15 23:15:08'),
(263, 61, 1.49, 4.05, 6.55, 105, '2020-07-15 23:15:08'),
(264, 62, 2.35, 3.03, 3.08, 105, '2020-07-15 23:15:09'),
(265, 63, 1.61, 3.87, 5, 105, '2020-07-15 23:15:09'),
(266, 60, 1.5, 4.02, 6.45, 105, '2020-07-15 23:30:10'),
(267, 61, 1.5, 4.03, 6.45, 105, '2020-07-15 23:30:12'),
(268, 62, 2.35, 3.03, 3.08, 105, '2020-07-15 23:30:13'),
(269, 63, 1.61, 3.87, 5, 105, '2020-07-15 23:30:13'),
(270, 60, 1.5, 4.02, 6.45, 105, '2020-07-15 23:45:09'),
(271, 61, 1.5, 4.03, 6.45, 105, '2020-07-15 23:45:09'),
(272, 62, 2.35, 3.03, 3.08, 105, '2020-07-15 23:45:10'),
(273, 63, 1.61, 3.87, 5, 105, '2020-07-15 23:45:11'),
(274, 60, 1.5, 4.02, 6.45, 105, '2020-07-16 00:00:11'),
(275, 61, 1.5, 4.03, 6.45, 105, '2020-07-16 00:00:11'),
(276, 62, 2.35, 3.03, 3.08, 105, '2020-07-16 00:00:12'),
(277, 63, 1.61, 3.87, 5, 105, '2020-07-16 00:00:12'),
(278, 60, 1.5, 4.02, 6.45, 105, '2020-07-16 00:15:07'),
(279, 61, 1.5, 4.03, 6.45, 105, '2020-07-16 00:15:08'),
(280, 62, 2.35, 3.03, 3.08, 105, '2020-07-16 00:15:08'),
(281, 63, 1.61, 3.87, 5, 105, '2020-07-16 00:15:08'),
(282, 60, 1.5, 4.02, 6.45, 105, '2020-07-16 00:30:09'),
(283, 61, 1.5, 4.03, 6.45, 105, '2020-07-16 00:30:10'),
(284, 62, 2.35, 3.03, 3.08, 105, '2020-07-16 00:30:10'),
(285, 63, 1.61, 3.87, 5, 105, '2020-07-16 00:30:10'),
(286, 60, 1.5, 4.02, 6.45, 105, '2020-07-16 01:00:09'),
(287, 61, 1.5, 4.03, 6.45, 105, '2020-07-16 01:00:09'),
(288, 62, 2.35, 3.03, 3.08, 105, '2020-07-16 01:00:10'),
(289, 63, 1.61, 3.87, 5, 105, '2020-07-16 01:00:10'),
(290, 60, 1.5, 4.02, 6.45, 105, '2020-07-16 01:15:11'),
(291, 61, 1.5, 4.03, 6.45, 105, '2020-07-16 01:15:11'),
(292, 62, 2.35, 3.03, 3.08, 105, '2020-07-16 01:15:12'),
(293, 63, 1.61, 3.87, 5, 105, '2020-07-16 01:15:12'),
(294, 60, 1.5, 4.02, 6.45, 105, '2020-07-16 01:30:12'),
(295, 61, 1.5, 4.03, 6.45, 105, '2020-07-16 01:30:12'),
(296, 62, 2.35, 3.03, 3.08, 105, '2020-07-16 01:30:13'),
(297, 63, 1.61, 3.87, 5, 105, '2020-07-16 01:30:13'),
(298, 60, 1.5, 4.02, 6.45, 105, '2020-07-16 01:45:12'),
(299, 61, 1.5, 4.03, 6.45, 105, '2020-07-16 01:45:13'),
(300, 62, 2.35, 3.03, 3.08, 105, '2020-07-16 01:45:13'),
(301, 63, 1.61, 3.87, 5, 105, '2020-07-16 01:45:14'),
(302, 60, 1.5, 4.02, 6.45, 105, '2020-07-16 02:00:09'),
(303, 61, 1.5, 4.03, 6.45, 105, '2020-07-16 02:00:09'),
(304, 62, 2.35, 3.03, 3.08, 105, '2020-07-16 02:00:10'),
(305, 63, 1.61, 3.87, 5, 105, '2020-07-16 02:00:10'),
(306, 60, 1.5, 4.02, 6.45, 105, '2020-07-16 02:15:09'),
(307, 61, 1.5, 4.03, 6.45, 105, '2020-07-16 02:15:10'),
(308, 62, 2.35, 3.03, 3.08, 105, '2020-07-16 02:15:10'),
(309, 63, 1.61, 3.87, 5, 105, '2020-07-16 02:15:10'),
(310, 60, 1.5, 4.02, 6.45, 105, '2020-07-16 02:30:11'),
(311, 61, 1.5, 4.03, 6.45, 105, '2020-07-16 02:30:11'),
(312, 62, 2.35, 3.03, 3.08, 105, '2020-07-16 02:30:11'),
(313, 63, 1.61, 3.87, 5, 105, '2020-07-16 02:30:12'),
(314, 60, 1.5, 4.02, 6.45, 105, '2020-07-16 03:15:14'),
(315, 61, 1.5, 4.03, 6.45, 105, '2020-07-16 03:15:15'),
(316, 62, 2.38, 3.03, 3.03, 105, '2020-07-16 03:15:15'),
(317, 63, 1.61, 3.87, 5, 105, '2020-07-16 03:15:16'),
(318, 60, 1.5, 4.02, 6.45, 105, '2020-07-16 03:30:09'),
(319, 61, 1.5, 4.03, 6.45, 105, '2020-07-16 03:30:10'),
(320, 62, 2.38, 3.03, 3.03, 105, '2020-07-16 03:30:10'),
(321, 63, 1.61, 3.87, 5, 105, '2020-07-16 03:30:11'),
(322, 60, 1.5, 4.02, 6.45, 105, '2020-07-16 03:45:09'),
(323, 61, 1.5, 4.03, 6.45, 105, '2020-07-16 03:45:09'),
(324, 62, 2.38, 3.03, 3.03, 105, '2020-07-16 03:45:09'),
(325, 63, 1.61, 3.87, 5, 105, '2020-07-16 03:45:10'),
(326, 60, 1.5, 4.02, 6.45, 105, '2020-07-16 04:00:09'),
(327, 61, 1.5, 4.03, 6.45, 105, '2020-07-16 04:00:10'),
(328, 62, 2.38, 3.03, 3.03, 105, '2020-07-16 04:00:10'),
(329, 63, 1.61, 3.87, 5, 105, '2020-07-16 04:00:10'),
(330, 60, 1.5, 4.02, 6.45, 105, '2020-07-16 04:28:19'),
(331, 61, 1.5, 4.03, 6.45, 105, '2020-07-16 04:28:20'),
(332, 62, 2.38, 3.03, 3.03, 105, '2020-07-16 04:28:20'),
(333, 63, 1.61, 3.87, 5, 105, '2020-07-16 04:28:21'),
(334, 60, 1.5, 4.02, 6.45, 105, '2020-07-16 04:49:16'),
(335, 61, 1.5, 4.03, 6.45, 105, '2020-07-16 04:49:17'),
(336, 62, 2.38, 3.03, 3.03, 105, '2020-07-16 04:49:18'),
(337, 63, 1.61, 3.87, 5, 105, '2020-07-16 04:49:18'),
(338, 60, 1.5, 4.02, 6.45, 105, '2020-07-16 05:00:07'),
(339, 61, 1.5, 4.03, 6.45, 105, '2020-07-16 05:00:08'),
(340, 62, 2.38, 3.03, 3.03, 105, '2020-07-16 05:00:08'),
(341, 63, 1.61, 3.87, 5, 105, '2020-07-16 05:00:08'),
(342, 60, 1.5, 4.02, 6.45, 105, '2020-07-16 05:49:36'),
(343, 61, 1.5, 4.03, 6.45, 105, '2020-07-16 05:49:37'),
(344, 62, 2.38, 3.03, 3.03, 105, '2020-07-16 05:49:37'),
(345, 63, 1.61, 3.87, 5, 105, '2020-07-16 05:49:38'),
(346, 60, 1.52, 3.95, 6.35, 105, '2020-07-16 06:13:43'),
(347, 61, 1.5, 4.03, 6.45, 105, '2020-07-16 06:13:43'),
(348, 62, 2.38, 3.03, 3.03, 105, '2020-07-16 06:13:44'),
(349, 63, 1.61, 3.87, 5, 105, '2020-07-16 06:13:44'),
(350, 60, 1.52, 3.95, 6.35, 105, '2020-07-16 06:34:15'),
(351, 61, 1.5, 4.03, 6.45, 105, '2020-07-16 06:34:16'),
(352, 62, 2.38, 3.03, 3.03, 105, '2020-07-16 06:34:16'),
(353, 63, 1.61, 3.87, 5, 105, '2020-07-16 06:34:16'),
(354, 60, 1.52, 3.95, 6.35, 105, '2020-07-16 06:55:07'),
(355, 61, 1.5, 4.03, 6.45, 105, '2020-07-16 06:55:07'),
(356, 62, 2.38, 3.03, 3.03, 105, '2020-07-16 06:55:08'),
(357, 63, 1.61, 3.87, 5, 105, '2020-07-16 06:55:08'),
(358, 60, 1.52, 3.95, 6.35, 105, '2020-07-16 07:16:16'),
(359, 61, 1.5, 4.03, 6.45, 105, '2020-07-16 07:16:17'),
(360, 62, 2.38, 3.03, 3.03, 105, '2020-07-16 07:16:17'),
(361, 63, 1.61, 3.87, 5, 105, '2020-07-16 07:16:18'),
(362, 60, 1.52, 3.95, 6.35, 105, '2020-07-16 07:59:18'),
(363, 61, 1.5, 4.03, 6.45, 105, '2020-07-16 07:59:18'),
(364, 62, 2.38, 3.03, 3.03, 105, '2020-07-16 07:59:18'),
(365, 63, 1.61, 3.87, 5, 105, '2020-07-16 07:59:19'),
(366, 60, 1.54, 3.88, 6.15, 105, '2020-07-16 08:15:42'),
(367, 61, 1.5, 4.03, 6.45, 105, '2020-07-16 08:15:43'),
(368, 62, 2.38, 3.03, 3.03, 105, '2020-07-16 08:15:44'),
(369, 63, 1.61, 3.87, 5, 105, '2020-07-16 08:15:44'),
(370, 60, 1.54, 3.88, 6.15, 105, '2020-07-16 09:15:18'),
(371, 61, 1.5, 4.03, 6.45, 105, '2020-07-16 09:15:18'),
(372, 62, 2.41, 3.02, 2.99, 105, '2020-07-16 09:15:19'),
(373, 63, 1.61, 3.87, 5, 105, '2020-07-16 09:15:19'),
(374, 60, 1.54, 3.88, 6.15, 105, '2020-07-16 09:36:12'),
(375, 61, 1.5, 4.03, 6.45, 105, '2020-07-16 09:36:12'),
(376, 62, 2.41, 3.02, 2.99, 105, '2020-07-16 09:36:13'),
(377, 63, 1.61, 3.87, 5, 105, '2020-07-16 09:36:13'),
(378, 60, 1.54, 3.88, 6.15, 105, '2020-07-16 09:51:00'),
(379, 61, 1.5, 4.03, 6.45, 105, '2020-07-16 09:51:00'),
(380, 62, 2.41, 3.02, 2.99, 105, '2020-07-16 09:51:00'),
(381, 63, 1.61, 3.87, 5, 105, '2020-07-16 09:51:01'),
(382, 60, 1.54, 3.88, 6.15, 105, '2020-07-16 10:10:23'),
(383, 61, 1.5, 4.03, 6.45, 105, '2020-07-16 10:11:59'),
(384, 62, 2.41, 3.02, 2.99, 105, '2020-07-16 10:12:01'),
(385, 63, 1.61, 3.87, 5, 105, '2020-07-16 10:12:02'),
(386, 60, 1.54, 3.88, 6.15, 105, '2020-07-16 10:15:08'),
(387, 61, 1.5, 4.03, 6.45, 105, '2020-07-16 10:15:09'),
(388, 62, 2.41, 3.02, 2.99, 105, '2020-07-16 10:15:09'),
(389, 63, 1.61, 3.87, 5, 105, '2020-07-16 10:15:10'),
(390, 60, 1.54, 3.88, 6.15, 105, '2020-07-16 10:30:10'),
(391, 61, 1.5, 4.03, 6.45, 105, '2020-07-16 10:30:10'),
(392, 62, 2.41, 3.02, 2.99, 105, '2020-07-16 10:30:11'),
(393, 63, 1.61, 3.87, 5, 105, '2020-07-16 10:30:11'),
(394, 60, 1.54, 3.88, 6.15, 105, '2020-07-16 10:45:09'),
(395, 61, 1.5, 4.03, 6.45, 105, '2020-07-16 10:45:09'),
(396, 62, 2.41, 3.02, 2.99, 105, '2020-07-16 10:45:09'),
(397, 63, 1.62, 3.82, 4.95, 105, '2020-07-16 10:45:10'),
(398, 60, 1.54, 3.88, 6.15, 105, '2020-07-16 11:00:08'),
(399, 61, 1.5, 4.03, 6.45, 105, '2020-07-16 11:00:08'),
(400, 62, 2.41, 3.02, 2.99, 105, '2020-07-16 11:00:09'),
(401, 63, 1.62, 3.82, 4.95, 105, '2020-07-16 11:00:10'),
(402, 60, 1.54, 3.88, 6.15, 105, '2020-07-16 11:15:09'),
(403, 61, 1.5, 4.03, 6.45, 105, '2020-07-16 11:15:09'),
(404, 62, 2.41, 3.02, 2.99, 105, '2020-07-16 11:15:10'),
(405, 63, 1.62, 3.82, 4.95, 105, '2020-07-16 11:15:10'),
(406, 60, 1.54, 3.88, 6.15, 105, '2020-07-16 11:30:09'),
(407, 61, 1.5, 4.03, 6.45, 105, '2020-07-16 11:30:10'),
(408, 62, 2.41, 3.02, 2.99, 105, '2020-07-16 11:30:10'),
(409, 63, 1.62, 3.82, 4.95, 105, '2020-07-16 11:30:11'),
(410, 60, 1.54, 3.88, 6.15, 105, '2020-07-16 11:45:08'),
(411, 61, 1.5, 4.03, 6.45, 105, '2020-07-16 11:45:09'),
(412, 62, 2.41, 3.02, 2.99, 105, '2020-07-16 11:45:09'),
(413, 63, 1.62, 3.82, 4.95, 105, '2020-07-16 11:45:10'),
(414, 60, 1.52, 3.93, 6.4, 105, '2020-07-16 12:00:08'),
(415, 61, 1.5, 4.03, 6.45, 105, '2020-07-16 12:00:08'),
(416, 62, 2.41, 3.02, 2.99, 105, '2020-07-16 12:00:09'),
(417, 63, 1.62, 3.82, 4.95, 105, '2020-07-16 12:00:09'),
(418, 60, 1.52, 3.93, 6.4, 105, '2020-07-16 12:15:09'),
(419, 61, 1.5, 4.03, 6.45, 105, '2020-07-16 12:15:09'),
(420, 62, 2.41, 3.02, 2.99, 105, '2020-07-16 12:15:10'),
(421, 63, 1.62, 3.82, 4.95, 105, '2020-07-16 12:15:10'),
(422, 60, 1.52, 3.93, 6.4, 105, '2020-07-16 12:30:17'),
(423, 61, 1.5, 4.03, 6.45, 105, '2020-07-16 12:30:18'),
(424, 62, 2.41, 3.02, 2.99, 105, '2020-07-16 12:30:19'),
(425, 63, 1.62, 3.82, 4.95, 105, '2020-07-16 12:30:20'),
(426, 60, 1.52, 3.93, 6.4, 105, '2020-07-16 12:45:09'),
(427, 61, 1.5, 4.03, 6.45, 105, '2020-07-16 12:45:09'),
(428, 62, 2.34, 3.05, 3.07, 105, '2020-07-16 12:45:10'),
(429, 63, 1.62, 3.82, 4.95, 105, '2020-07-16 12:45:10'),
(430, 60, 1.52, 3.93, 6.4, 105, '2020-07-16 14:15:11'),
(431, 61, 1.5, 4.03, 6.45, 105, '2020-07-16 14:15:11'),
(432, 62, 2.31, 3.07, 3.1, 105, '2020-07-16 14:15:12'),
(433, 63, 1.62, 3.82, 4.95, 105, '2020-07-16 14:15:12'),
(434, 60, 1.52, 3.93, 6.4, 105, '2020-07-16 14:30:07'),
(435, 61, 1.5, 4.03, 6.45, 105, '2020-07-16 14:30:07'),
(436, 62, 2.31, 3.07, 3.1, 105, '2020-07-16 14:30:07'),
(437, 63, 1.62, 3.82, 4.95, 105, '2020-07-16 14:30:08'),
(438, 60, 1.52, 3.93, 6.4, 105, '2020-07-16 14:45:06'),
(439, 61, 1.5, 4.03, 6.45, 105, '2020-07-16 14:45:06'),
(440, 62, 2.31, 3.07, 3.1, 105, '2020-07-16 14:45:06'),
(441, 63, 1.62, 3.82, 4.95, 105, '2020-07-16 14:45:07'),
(442, 60, 1.52, 3.93, 6.4, 105, '2020-07-16 15:00:06'),
(443, 61, 1.5, 4.03, 6.45, 105, '2020-07-16 15:00:07'),
(444, 62, 2.31, 3.07, 3.1, 105, '2020-07-16 15:00:07'),
(445, 63, 1.62, 3.82, 4.95, 105, '2020-07-16 15:00:07'),
(446, 60, 1.52, 3.93, 6.4, 105, '2020-07-16 15:15:07'),
(447, 61, 1.5, 4.03, 6.45, 105, '2020-07-16 15:15:08'),
(448, 62, 2.31, 3.07, 3.1, 105, '2020-07-16 15:15:08'),
(449, 63, 1.62, 3.82, 4.95, 105, '2020-07-16 15:15:08'),
(450, 60, 1.52, 3.93, 6.4, 105, '2020-07-16 15:30:14'),
(451, 61, 1.5, 4.03, 6.45, 105, '2020-07-16 15:30:15'),
(452, 62, 2.31, 3.07, 3.1, 105, '2020-07-16 15:30:16'),
(453, 63, 1.62, 3.82, 4.95, 105, '2020-07-16 15:30:17'),
(454, 60, 1.52, 3.93, 6.4, 105, '2020-07-16 15:45:05'),
(455, 61, 1.5, 4.03, 6.45, 105, '2020-07-16 15:45:06'),
(456, 62, 2.31, 3.07, 3.1, 105, '2020-07-16 15:45:06'),
(457, 63, 1.62, 3.82, 4.95, 105, '2020-07-16 15:45:06'),
(458, 60, 1.52, 3.93, 6.4, 105, '2020-07-16 16:00:07'),
(459, 61, 1.5, 4.03, 6.45, 105, '2020-07-16 16:00:07'),
(460, 62, 2.31, 3.07, 3.1, 105, '2020-07-16 16:00:08'),
(461, 63, 1.62, 3.82, 4.95, 105, '2020-07-16 16:00:08'),
(462, 60, 1.52, 3.93, 6.4, 105, '2020-07-16 16:15:07'),
(463, 61, 1.5, 4.03, 6.45, 105, '2020-07-16 16:15:07'),
(464, 62, 2.31, 3.07, 3.1, 105, '2020-07-16 16:15:07'),
(465, 63, 1.62, 3.82, 4.95, 105, '2020-07-16 16:15:07'),
(466, 60, 1.52, 3.93, 6.4, 105, '2020-07-16 16:30:09'),
(467, 61, 1.5, 4.03, 6.45, 105, '2020-07-16 16:30:09'),
(468, 62, 2.31, 3.07, 3.1, 105, '2020-07-16 16:30:09'),
(469, 63, 1.62, 3.82, 4.95, 105, '2020-07-16 16:30:10'),
(470, 60, 1.52, 3.93, 6.4, 105, '2020-07-16 16:45:08'),
(471, 61, 1.5, 4.03, 6.45, 105, '2020-07-16 16:45:09'),
(472, 62, 2.31, 3.07, 3.1, 105, '2020-07-16 16:45:09'),
(473, 63, 1.62, 3.82, 4.95, 105, '2020-07-16 16:45:10'),
(474, 60, 1.52, 3.93, 6.4, 105, '2020-07-16 17:00:08'),
(475, 61, 1.5, 4.03, 6.45, 105, '2020-07-16 17:00:09'),
(476, 62, 2.31, 3.07, 3.1, 105, '2020-07-16 17:00:09'),
(477, 63, 1.62, 3.82, 4.95, 105, '2020-07-16 17:00:10'),
(478, 60, 1.52, 3.93, 6.4, 105, '2020-07-16 17:15:08'),
(479, 61, 1.5, 4.03, 6.45, 105, '2020-07-16 17:15:09'),
(480, 62, 2.31, 3.07, 3.1, 105, '2020-07-16 17:15:09'),
(481, 63, 1.62, 3.82, 4.95, 105, '2020-07-16 17:15:10'),
(482, 60, 1.52, 3.93, 6.4, 105, '2020-07-16 17:30:10'),
(483, 61, 1.5, 4.03, 6.45, 105, '2020-07-16 17:30:10'),
(484, 62, 2.34, 3.08, 3.05, 105, '2020-07-16 17:30:11'),
(485, 63, 1.62, 3.82, 4.95, 105, '2020-07-16 17:30:11'),
(486, 60, 1.52, 3.93, 6.4, 105, '2020-07-16 17:45:10'),
(487, 61, 1.5, 4.03, 6.45, 105, '2020-07-16 17:45:11'),
(488, 62, 2.34, 3.08, 3.05, 105, '2020-07-16 17:45:11'),
(489, 63, 1.62, 3.82, 4.95, 105, '2020-07-16 17:45:12'),
(490, 60, 1.53, 4.1, 6.55, 105, '2020-07-17 13:15:10'),
(491, 61, 1.55, 4, 6.4, 105, '2020-07-17 13:15:11'),
(492, 62, 2.34, 3.13, 3.1, 105, '2020-07-17 13:15:11'),
(493, 63, 1.64, 3.87, 5, 105, '2020-07-17 13:15:12'),
(494, 60, 1.53, 4.1, 6.55, 105, '2020-07-17 13:30:10'),
(495, 61, 1.55, 4, 6.4, 105, '2020-07-17 13:30:10'),
(496, 62, 2.34, 3.13, 3.1, 105, '2020-07-17 13:30:11'),
(497, 63, 1.64, 3.87, 5, 105, '2020-07-17 13:30:11'),
(498, 60, 1.53, 4.1, 6.55, 105, '2020-07-17 13:45:09'),
(499, 61, 1.55, 4, 6.4, 105, '2020-07-17 13:45:09'),
(500, 62, 2.34, 3.13, 3.1, 105, '2020-07-17 13:45:10'),
(501, 63, 1.64, 3.87, 5, 105, '2020-07-17 13:45:10'),
(502, 60, 1.53, 4.1, 6.55, 156, '2020-07-17 14:00:09'),
(503, 61, 1.55, 4, 6.4, 156, '2020-07-17 14:00:09'),
(504, 62, 2.34, 3.13, 3.1, 105, '2020-07-17 14:00:09'),
(505, 63, 1.64, 3.87, 5, 105, '2020-07-17 14:00:10'),
(506, 60, 1.53, 4.1, 6.55, 159, '2020-07-17 14:15:07'),
(507, 61, 1.55, 4, 6.4, 159, '2020-07-17 14:15:08'),
(508, 62, 2.34, 3.13, 3.1, 105, '2020-07-17 14:15:08'),
(509, 63, 1.64, 3.87, 5, 105, '2020-07-17 14:15:08'),
(510, 60, 1.53, 4.1, 6.55, 159, '2020-07-17 14:30:11'),
(511, 61, 1.55, 4, 6.4, 159, '2020-07-17 14:30:11'),
(512, 62, 2.34, 3.13, 3.1, 105, '2020-07-17 14:30:12'),
(513, 63, 1.64, 3.87, 5, 105, '2020-07-17 14:30:12'),
(514, 60, 1.53, 4.1, 6.55, 159, '2020-07-17 14:45:08'),
(515, 61, 1.55, 4, 6.4, 159, '2020-07-17 14:45:09'),
(516, 62, 2.34, 3.13, 3.1, 105, '2020-07-17 14:45:09'),
(517, 63, 1.64, 3.87, 5, 105, '2020-07-17 14:45:09'),
(518, 60, 1.53, 4.1, 6.55, 159, '2020-07-17 15:00:08'),
(519, 61, 1.55, 4, 6.4, 159, '2020-07-17 15:00:08'),
(520, 62, 2.34, 3.13, 3.1, 105, '2020-07-17 15:00:09'),
(521, 63, 1.64, 3.87, 5, 105, '2020-07-17 15:00:09'),
(522, 60, 1.53, 4.1, 6.55, 159, '2020-07-17 15:15:10'),
(523, 61, 1.54, 4.02, 6.5, 159, '2020-07-17 15:15:10'),
(524, 62, 2.34, 3.13, 3.1, 105, '2020-07-17 15:15:11'),
(525, 63, 1.64, 3.87, 5, 105, '2020-07-17 15:15:12'),
(526, 60, 1.53, 4.1, 6.55, 159, '2020-07-17 15:30:08'),
(527, 61, 1.54, 4.02, 6.5, 159, '2020-07-17 15:30:08'),
(528, 62, 2.34, 3.13, 3.1, 105, '2020-07-17 15:30:09'),
(529, 63, 1.64, 3.87, 5, 105, '2020-07-17 15:30:09'),
(530, 60, 1.53, 4.1, 6.55, 159, '2020-07-17 16:24:55'),
(531, 61, 1.54, 4.02, 6.5, 159, '2020-07-17 16:24:56'),
(532, 62, 2.34, 3.13, 3.1, 105, '2020-07-17 16:24:56'),
(533, 63, 1.64, 3.87, 5, 105, '2020-07-17 16:24:56'),
(534, 60, 1.53, 4.1, 6.55, 159, '2020-07-17 16:41:04'),
(535, 61, 1.54, 4.02, 6.5, 159, '2020-07-17 16:41:05'),
(536, 62, 2.34, 3.13, 3.1, 105, '2020-07-17 16:41:05'),
(537, 63, 1.64, 3.87, 5, 105, '2020-07-17 16:41:05'),
(538, 60, 1.53, 4.1, 6.55, 159, '2020-07-17 17:11:59'),
(539, 61, 1.54, 4.02, 6.5, 159, '2020-07-17 17:11:59'),
(540, 62, 2.34, 3.13, 3.1, 105, '2020-07-17 17:12:02'),
(541, 63, 1.64, 3.87, 5, 105, '2020-07-17 17:12:03'),
(542, 60, 1.53, 4.1, 6.55, 201, '2020-07-17 18:10:08'),
(543, 61, 1.54, 4.02, 6.5, 201, '2020-07-17 18:10:08'),
(544, 62, 2.34, 3.13, 3.1, 105, '2020-07-17 18:10:09'),
(545, 63, 1.64, 3.87, 5, 105, '2020-07-17 18:10:09'),
(546, 60, 1.54, 4.1, 6.45, 201, '2020-07-17 18:41:11'),
(547, 61, 1.54, 4.02, 6.5, 201, '2020-07-17 18:41:12'),
(548, 62, 2.34, 3.13, 3.1, 105, '2020-07-17 18:41:12'),
(549, 63, 1.64, 3.87, 5, 105, '2020-07-17 18:41:12'),
(550, 60, 1.54, 4.1, 6.45, 202, '2020-07-17 18:57:16'),
(551, 61, 1.54, 4.02, 6.5, 202, '2020-07-17 18:57:17'),
(552, 62, 2.34, 3.13, 3.1, 105, '2020-07-17 18:57:17'),
(553, 63, 1.64, 3.87, 5, 105, '2020-07-17 18:57:17'),
(554, 60, 1.54, 4.1, 6.45, 202, '2020-07-17 19:44:10'),
(555, 61, 1.54, 4.02, 6.5, 202, '2020-07-17 19:44:11'),
(556, 62, 2.34, 3.13, 3.1, 105, '2020-07-17 19:44:11'),
(557, 63, 1.64, 3.87, 5, 105, '2020-07-17 19:44:11'),
(558, 60, 1.54, 4.1, 6.45, 202, '2020-07-17 20:31:06'),
(559, 61, 1.54, 4.02, 6.5, 202, '2020-07-17 20:31:07'),
(560, 62, 2.34, 3.13, 3.1, 105, '2020-07-17 20:31:07'),
(561, 63, 1.64, 3.87, 5, 105, '2020-07-17 20:31:08'),
(562, 60, 1.54, 4.1, 6.45, 202, '2020-07-17 21:02:17'),
(563, 61, 1.56, 3.98, 6.4, 202, '2020-07-17 21:02:17'),
(564, 62, 2.34, 3.13, 3.1, 105, '2020-07-17 21:02:17'),
(565, 63, 1.64, 3.87, 5, 105, '2020-07-17 21:02:18'),
(566, 64, 1.4, 4.63, 7.05, 3, '2020-07-17 21:02:18'),
(567, 60, 1.54, 4.1, 6.45, 202, '2020-07-17 21:18:10'),
(568, 61, 1.56, 3.98, 6.4, 202, '2020-07-17 21:18:10'),
(569, 62, 2.34, 3.13, 3.1, 105, '2020-07-17 21:33:13'),
(570, 60, 1.54, 4.1, 6.45, 202, '2020-07-17 22:20:10'),
(571, 61, 1.56, 3.98, 6.4, 202, '2020-07-17 22:20:11'),
(572, 62, 2.34, 3.13, 3.1, 105, '2020-07-17 22:20:11'),
(573, 63, 1.66, 3.82, 4.9, 104, '2020-07-17 22:20:12'),
(574, 64, 1.4, 4.63, 7.05, 3, '2020-07-17 22:20:12'),
(575, 60, 1.54, 4.1, 6.45, 202, '2020-07-17 22:36:25'),
(576, 60, 1.54, 4.1, 6.45, 202, '2020-07-17 23:23:15'),
(577, 61, 1.56, 3.98, 6.4, 202, '2020-07-17 23:23:15'),
(578, 62, 2.34, 3.13, 3.1, 105, '2020-07-17 23:23:15'),
(579, 63, 1.66, 3.82, 4.9, 104, '2020-07-17 23:23:16'),
(580, 64, 1.4, 4.63, 7.05, 3, '2020-07-17 23:23:16'),
(581, 60, 1.55, 4.07, 6.35, 202, '2020-07-18 00:10:09'),
(582, 61, 1.56, 3.98, 6.4, 202, '2020-07-18 00:10:09'),
(583, 62, 2.34, 3.13, 3.1, 105, '2020-07-18 00:10:10'),
(584, 63, 1.66, 3.82, 4.9, 104, '2020-07-18 00:10:10'),
(585, 64, 1.4, 4.63, 7.05, 3, '2020-07-18 00:10:10'),
(586, 60, 1.55, 4.07, 6.35, 202, '2020-07-18 01:12:17'),
(587, 60, 1.55, 4.07, 6.35, 202, '2020-07-18 01:44:06'),
(588, 61, 1.56, 3.98, 6.4, 202, '2020-07-18 01:44:07'),
(589, 62, 2.34, 3.13, 3.1, 105, '2020-07-18 01:44:07'),
(590, 63, 1.66, 3.82, 4.9, 104, '2020-07-18 01:44:07'),
(591, 64, 1.37, 4.82, 7.45, 3, '2020-07-18 01:44:08'),
(592, 60, 1.55, 4.07, 6.35, 202, '2020-07-18 02:15:15'),
(593, 61, 1.56, 3.98, 6.4, 202, '2020-07-18 02:15:15'),
(594, 62, 2.34, 3.13, 3.1, 105, '2020-07-18 02:15:16'),
(595, 63, 1.66, 3.82, 4.9, 104, '2020-07-18 02:15:16'),
(596, 64, 1.37, 4.82, 7.45, 3, '2020-07-18 02:15:17'),
(597, 60, 1.55, 4.07, 6.35, 202, '2020-07-18 02:31:14'),
(598, 61, 1.56, 3.98, 6.4, 202, '2020-07-18 02:31:15'),
(599, 62, 2.34, 3.13, 3.1, 105, '2020-07-18 02:31:16'),
(600, 63, 1.66, 3.82, 4.9, 104, '2020-07-18 02:31:16'),
(601, 64, 1.37, 4.82, 7.45, 3, '2020-07-18 02:31:17'),
(602, 60, 1.55, 4.07, 6.35, 202, '2020-07-18 03:02:15'),
(603, 61, 1.56, 3.98, 6.4, 202, '2020-07-18 03:02:16'),
(604, 62, 2.34, 3.13, 3.1, 105, '2020-07-18 03:02:16'),
(605, 63, 1.66, 3.82, 4.9, 104, '2020-07-18 03:02:16'),
(606, 64, 1.37, 4.82, 7.45, 3, '2020-07-18 03:02:17'),
(607, 60, 1.55, 4.07, 6.35, 202, '2020-07-18 03:49:11'),
(608, 61, 1.56, 3.98, 6.4, 202, '2020-07-18 03:49:11'),
(609, 62, 2.34, 3.13, 3.1, 105, '2020-07-18 03:49:12'),
(610, 63, 1.66, 3.82, 4.9, 104, '2020-07-18 03:49:12'),
(611, 64, 1.37, 4.82, 7.45, 3, '2020-07-18 03:49:13'),
(612, 60, 1.55, 4.07, 6.35, 202, '2020-07-18 05:30:09'),
(613, 61, 1.56, 3.98, 6.4, 202, '2020-07-18 05:30:09'),
(614, 62, 2.34, 3.13, 3.1, 108, '2020-07-18 05:30:10'),
(615, 63, 1.66, 3.82, 4.9, 107, '2020-07-18 05:30:10'),
(616, 64, 1.37, 4.82, 7.45, 3, '2020-07-18 05:30:11'),
(617, 60, 1.55, 4.07, 6.35, 202, '2020-07-18 05:45:08'),
(618, 61, 1.56, 3.98, 6.4, 202, '2020-07-18 05:45:09'),
(619, 62, 2.34, 3.13, 3.1, 108, '2020-07-18 05:45:09'),
(620, 63, 1.66, 3.82, 4.9, 107, '2020-07-18 05:45:10'),
(621, 64, 1.37, 4.82, 7.45, 3, '2020-07-18 05:45:10'),
(622, 60, 1.55, 4.07, 6.35, 209, '2020-07-18 06:00:09'),
(623, 61, 1.56, 3.98, 6.4, 209, '2020-07-18 06:00:09'),
(624, 62, 2.34, 3.13, 3.1, 108, '2020-07-18 06:00:10'),
(625, 63, 1.66, 3.82, 4.9, 107, '2020-07-18 06:00:10'),
(626, 64, 1.37, 4.82, 7.45, 3, '2020-07-18 06:00:10'),
(627, 60, 1.55, 4.07, 6.35, 209, '2020-07-18 06:15:09'),
(628, 61, 1.56, 3.98, 6.4, 209, '2020-07-18 06:15:10'),
(629, 62, 2.38, 3.2, 3.17, 108, '2020-07-18 06:15:10'),
(630, 63, 1.66, 3.82, 4.9, 107, '2020-07-18 06:15:11'),
(631, 64, 1.37, 4.82, 7.45, 3, '2020-07-18 06:15:11'),
(632, 60, 1.55, 4.07, 6.35, 209, '2020-07-18 06:30:09'),
(633, 61, 1.57, 4.1, 6.3, 209, '2020-07-18 06:30:10'),
(634, 62, 2.38, 3.2, 3.17, 108, '2020-07-18 06:30:10'),
(635, 63, 1.66, 3.82, 4.9, 107, '2020-07-18 06:30:11'),
(636, 64, 1.37, 4.82, 7.45, 3, '2020-07-18 06:30:11'),
(637, 60, 1.55, 4.07, 6.35, 209, '2020-07-18 06:45:15'),
(638, 61, 1.58, 4.07, 6.2, 208, '2020-07-18 06:45:15'),
(639, 62, 2.38, 3.2, 3.17, 108, '2020-07-18 06:45:15'),
(640, 63, 1.66, 3.82, 4.9, 107, '2020-07-18 06:45:16'),
(641, 64, 1.37, 4.82, 7.45, 3, '2020-07-18 06:45:16'),
(642, 60, 1.55, 4.07, 6.35, 209, '2020-07-18 08:53:02'),
(643, 61, 1.58, 4.07, 6.2, 209, '2020-07-18 08:53:02'),
(644, 62, 2.38, 3.2, 3.17, 108, '2020-07-18 08:53:02'),
(645, 63, 1.66, 3.82, 4.9, 107, '2020-07-18 08:53:02'),
(646, 64, 1.37, 4.82, 7.45, 3, '2020-07-18 08:53:02'),
(647, 60, 1.55, 4.07, 6.35, 209, '2020-07-18 09:00:33'),
(648, 61, 1.58, 4.07, 6.2, 209, '2020-07-18 09:00:33'),
(649, 62, 2.38, 3.2, 3.17, 108, '2020-07-18 09:00:33'),
(650, 63, 1.66, 3.82, 4.9, 107, '2020-07-18 09:00:33'),
(651, 64, 1.37, 4.82, 7.45, 3, '2020-07-18 09:00:34');

--
-- Índices para tabelas despejadas
--

--
-- Índices para tabela `flask_matches`
--
ALTER TABLE `flask_matches`
  ADD PRIMARY KEY (`matchID`);

--
-- Índices para tabela `flask_predOdds`
--
ALTER TABLE `flask_predOdds`
  ADD PRIMARY KEY (`taOddID`),
  ADD KEY `oddID` (`oddID`),
  ADD KEY `matchID` (`matchID`);

--
-- Índices para tabela `flask_realOdds`
--
ALTER TABLE `flask_realOdds`
  ADD PRIMARY KEY (`oddID`),
  ADD KEY `matchID` (`matchID`);

--
-- AUTO_INCREMENT de tabelas despejadas
--

--
-- AUTO_INCREMENT de tabela `flask_matches`
--
ALTER TABLE `flask_matches`
  MODIFY `matchID` int NOT NULL AUTO_INCREMENT, AUTO_INCREMENT=65;

--
-- AUTO_INCREMENT de tabela `flask_predOdds`
--
ALTER TABLE `flask_predOdds`
  MODIFY `taOddID` int NOT NULL AUTO_INCREMENT, AUTO_INCREMENT=683;

--
-- AUTO_INCREMENT de tabela `flask_realOdds`
--
ALTER TABLE `flask_realOdds`
  MODIFY `oddID` int NOT NULL AUTO_INCREMENT, AUTO_INCREMENT=652;

--
-- Restrições para despejos de tabelas
--

--
-- Limitadores para a tabela `flask_predOdds`
--
ALTER TABLE `flask_predOdds`
  ADD CONSTRAINT `flask_predOdds_ibfk_1` FOREIGN KEY (`oddID`) REFERENCES `flask_realOdds` (`oddID`),
  ADD CONSTRAINT `flask_predOdds_ibfk_2` FOREIGN KEY (`matchID`) REFERENCES `flask_matches` (`matchID`);

--
-- Limitadores para a tabela `flask_realOdds`
--
ALTER TABLE `flask_realOdds`
  ADD CONSTRAINT `flask_realOdds_ibfk_1` FOREIGN KEY (`matchID`) REFERENCES `flask_matches` (`matchID`);

DELIMITER $$
--
-- Eventos
--
CREATE DEFINER=`root`@`%` EVENT `closeMatches` ON SCHEDULE EVERY '0:15' HOUR_MINUTE STARTS '2020-07-18 07:19:47' ON COMPLETION NOT PRESERVE ENABLE DO UPDATE `flask_matches` 
SET 
    matchClosed = 1
WHERE
    date <= CURDATE()$$

DELIMITER ;
COMMIT;

/*!40101 SET CHARACTER_SET_CLIENT=@OLD_CHARACTER_SET_CLIENT */;
/*!40101 SET CHARACTER_SET_RESULTS=@OLD_CHARACTER_SET_RESULTS */;
/*!40101 SET COLLATION_CONNECTION=@OLD_COLLATION_CONNECTION */;
